temperaturaArma,anguloArma,atirou
2.9,40.11,0
2.8,10.99,0
2.7,0.17,0
2.6,0.17,0
2.5,0.16,0
2.4,0.13,0
2.3,0.09,0
2.2,0.03,0
2.1,0.03,0
2.0,0.09,0
1.9,0.16,0
1.8,0.23,0
1.7,0.3,0
1.6,0.37,0
1.5,0.44,0
1.4,0.52,0
1.3,0.59,0
1.2,0.66,0
1.1,0.73,0
1.0,0.79,0
0.9,0.86,0
0.8,0.91,0
0.7,0.96,0
0.6,1.0,0
0.5,1.04,0
0.4,1.04,0
0.3,1.05,0
0.2,1.05,0
0.1,1.06,0
1.09,1.06,1
0.99,2.14,0
0.89,2.15,0
0.79,2.14,0
0.69,0.15,0
0.59,0.4,0
0.49,0.66,0
0.39,0.8,0
0.29,0.82,0
0.19,0.8,0
0.09,0.15,0
1.1,0.41,1
1.0,16.28,0
0.9,0.7,0
0.8,2.83,0
0.7,10.38,0
0.6,11.56,0
0.5,0.53,0
0.4,4.0,0
0.3,7.36,0
0.2,2.35,0
0.1,3.49,0
0.0,6.28,0
1.44,0.41,1
1.34,2.75,0
1.24,6.44,0
1.14,1.15,0
1.04,3.56,0
0.94,7.54,0
0.84,5.62,0
0.74,0.23,0
0.64,4.13,0
0.54,2.16,0
0.44,3.74,0
0.24,11.82,0
0.14,1.04,0
0.04,1.07,0
1.1,1.09,1
1.0,2.19,0
0.9,2.21,0
0.8,1.12,0
0.7,0.02,0
0.6,0.01,0
0.5,1.11,0
0.4,2.24,0
0.3,2.26,0
0.2,1.17,0
0.1,0.04,0
1.11,0.02,1
1.01,2.31,0
0.91,2.34,0
0.81,1.18,0
0.71,1.19,0
0.61,1.19,0
0.51,1.2,0
0.41,1.21,0
0.31,1.21,0
0.21,2.6,0
0.11,1.22,0
0.01,0.07,0
1.16,1.05,1
1.06,0.73,0
0.96,0.62,0
0.86,1.76,0
0.76,1.65,0
0.66,0.5,0
0.56,0.4,0
0.46,0.11,0
0.36,1.15,0
0.26,2.18,0
0.16,2.01,0
0.06,0.88,0
1.29,0.01,1
1.19,1.66,0
1.09,3.15,0
0.99,3.11,0
0.89,1.73,0
0.79,0.58,0
0.69,1.05,0
0.59,3.0,0
0.49,1.83,0
0.39,10.61,0
0.29,1.34,0
0.19,2.24,0
0.09,3.35,0
0.0,4.73,0
0.0,6.49,0
0.0,8.67,0
0.0,11.11,0
0.0,35.16,0
0.0,22.23,0
0.0,9.32,0
0.0,3.57,0
0.0,2.89,0
0.0,2.26,0
1.5,1.7,1
1.4,5.19,0
1.3,0.73,0
1.2,0.33,0
1.1,0.01,0
1.0,0.3,0
0.9,0.14,0
0.8,0.01,0
0.7,0.15,0
0.6,0.27,0
0.5,0.38,0
0.4,7.52,0
0.3,1.66,0
0.2,2.23,0
0.1,1.83,0
0.0,4.18,0
1.33,0.59,1
1.13,36.08,0
1.03,8.6,0
0.93,1.63,0
0.83,2.05,0
0.73,2.21,0
0.63,2.35,0
0.53,2.43,0
0.43,2.46,0
0.33,2.48,0
0.23,2.51,0
0.13,2.54,0
0.03,2.56,0
0.0,2.59,0
0.0,2.62,0
0.0,2.65,0
0.0,2.68,0
0.0,2.71,0
0.0,2.75,0
0.0,2.78,0
0.0,2.81,0
0.0,2.84,0
0.0,2.88,0
0.0,2.92,0
0.0,2.95,0
0.0,2.99,0
0.0,2.26,0
1.45,1.52,1
1.35,2.29,0
1.25,0.77,0
1.15,1.9,0
1.05,3.41,0
0.95,2.63,0
0.85,0.72,0
0.75,0.04,0
0.65,1.44,0
0.55,4.0,0
0.45,4.32,0
0.35,1.39,0
0.25,2.57,0
0.15,4.14,0
0.05,2.11,0
1.42,1.15,1
1.32,0.39,0
1.22,2.78,0
1.12,5.6,0
1.02,4.43,0
0.92,3.37,0
0.82,0.98,0
0.72,3.79,0
0.62,2.9,0
0.52,0.02,0
0.42,1.28,0
0.32,1.14,0
0.22,5.52,0
0.12,8.16,0
0.02,4.21,0
0.0,5.48,0
0.0,2.45,0
1.39,1.03,1
1.29,2.16,0
1.19,1.94,0
1.09,1.09,0
0.99,0.81,0
0.89,1.74,0
0.79,3.33,0
0.69,4.38,0
0.59,3.53,0
0.49,2.79,0
0.39,1.78,0
0.29,1.94,0
0.19,3.15,0
0.09,3.49,0
1.45,1.86,1
1.35,0.54,0
1.25,2.12,0
1.15,1.35,0
1.05,0.94,0
0.95,2.39,0
0.85,2.55,0
0.75,2.18,0
0.65,2.15,0
0.55,2.3,0
0.45,2.21,0
0.35,1.77,0
0.25,1.26,0
0.15,1.41,0
0.05,2.42,0
0.0,3.63,0
0.0,3.87,0
0.0,2.92,0
1.39,1.74,1
1.29,4.33,0
1.19,5.09,0
1.09,2.84,0
0.99,2.86,0
0.89,2.02,0
0.79,1.81,0
0.69,2.76,0
0.59,3.98,0
0.49,3.51,0
0.39,1.05,0
0.29,1.69,0
0.19,2.58,0
0.09,0.92,0
1.47,1.39,1
1.37,1.03,0
1.27,1.42,0
1.17,3.82,0
1.07,4.2,0
0.97,2.92,0
0.87,2.39,0
0.77,2.9,0
0.67,4.33,0
0.57,4.85,0
0.47,3.68,0
0.37,3.61,0
0.27,3.55,0
0.17,3.49,0
0.07,2.96,0
0.0,2.83,0
0.0,3.19,0
0.0,3.61,0
0.0,3.63,0
0.0,3.17,0
0.0,2.65,0
0.0,2.55,0
0.0,2.91,0
0.0,3.17,0
0.0,2.92,0
0.0,2.33,0
1.45,1.95,1
1.35,4.71,0
1.25,4.71,0
1.15,2.87,0
1.05,3.23,0
0.95,3.03,0
0.85,3.1,0
0.75,3.61,0
0.65,3.95,0
0.55,3.72,0
0.45,3.1,0
0.35,2.67,0
0.25,2.79,0
0.15,3.29,0
0.05,3.61,0
0.0,3.38,0
0.0,2.79,0
0.0,2.61,0
0.0,3.12,0
0.0,3.84,0
0.0,3.37,0
1.37,1.54,1
1.27,0.33,0
1.17,0.66,0
1.07,0.92,0
0.97,0.66,0
0.87,0.6,0
0.77,1.27,0
0.67,2.36,0
0.57,3.07,0
0.47,2.99,0
0.37,2.22,0
0.27,1.55,0
0.17,1.66,0
0.07,2.49,0
0.0,3.23,0
0.0,3.17,0
0.0,2.38,0
1.35,1.67,1
1.25,4.33,0
1.15,4.9,0
1.05,2.59,0
0.95,2.42,0
0.85,1.47,0
0.75,2.17,0
0.65,4.06,0
0.55,5.34,0
0.45,3.6,0
0.35,3.62,0
0.25,3.59,0
0.15,3.5,0
0.05,2.81,0
1.32,1.86,1
1.22,3.93,0
1.12,4.42,0
1.02,2.43,0
0.92,1.22,0
0.82,0.76,0
0.72,1.97,0
0.62,3.68,0
0.52,4.21,0
0.42,2.83,0
0.32,1.57,0
0.22,1.08,0
0.12,2.1,0
0.0,46.45,0
0.0,37.13,0
0.0,3.17,0
1.14,1.88,1
0.94,9.32,0
0.84,0.84,0
0.74,0.78,0
0.64,0.7,0
0.54,0.61,0
0.44,0.51,0
0.34,0.39,0
0.24,0.26,0
0.14,0.11,0
0.04,0.06,0
1.23,0.02,1
1.13,0.0,0
1.03,0.06,0
0.93,0.12,0
0.83,0.13,0
0.73,0.07,0
0.63,0.0,0
0.53,0.05,0
0.43,0.05,0
0.33,0.04,0
0.23,0.09,0
0.13,0.19,0
0.03,0.32,0
1.24,0.4,1
1.14,0.42,0
1.04,0.25,0
0.94,2.44,0
0.84,3.97,0
0.74,3.31,0
0.64,1.12,0
0.54,0.4,0
0.44,0.27,0
0.34,1.36,0
0.24,0.87,0
0.14,0.93,0
0.04,2.42,0
0.0,2.25,0
1.21,0.69,1
1.11,0.24,0
1.01,0.43,0
0.91,0.92,0
0.81,1.09,0
0.71,0.64,0
0.61,0.11,0
0.51,0.52,0
0.41,0.29,0
0.31,0.25,0
0.21,0.46,0
0.11,0.05,0
0.01,0.66,0
1.12,1.03,1
1.02,1.22,0
0.92,0.7,0
0.82,0.05,0
0.72,0.03,0
0.62,0.58,0
0.52,1.31,0
0.42,1.48,0
0.32,0.94,0
0.22,0.23,0
0.12,0.11,0
0.02,0.09,0
1.08,0.26,1
0.98,0.04,0
0.88,0.48,0
0.78,0.91,0
0.68,0.93,0
0.58,0.61,0
0.48,0.34,0
0.38,0.44,0
0.28,0.84,0
0.18,1.07,0
0.08,0.88,0
1.07,0.49,1
0.97,1.07,0
0.87,1.34,0
0.77,1.06,0
0.67,0.53,0
0.57,0.3,0
0.47,0.61,0
0.37,1.17,0
0.27,1.43,0
0.17,1.14,0
0.07,0.6,0
1.06,0.35,1
0.96,1.54,0
0.86,2.09,0
0.76,1.44,0
0.66,0.24,0
0.56,0.32,0
0.46,0.32,0
0.36,1.5,0
0.26,2.04,0
0.16,1.38,0
0.06,0.17,0
1.06,0.41,1
0.96,0.98,0
0.86,2.13,0
0.76,1.86,0
0.66,0.41,0
0.56,0.8,0
0.46,0.6,0
0.36,0.77,0
0.26,1.89,0
0.16,1.6,0
0.06,0.13,0
1.09,1.1,1
0.99,0.69,0
0.89,0.58,0
0.79,1.37,0
0.69,0.8,0
0.59,0.64,0
0.49,1.6,0
0.39,1.22,0
0.29,0.2,0
0.19,1.33,0
0.09,1.12,0
1.15,0.11,1
1.05,0.71,0
0.95,0.17,0
0.85,1.11,0
0.75,1.97,0
0.65,1.7,0
0.55,0.7,0
0.45,0.12,0
0.35,0.68,0
0.25,1.95,0
0.15,2.8,0
0.05,2.49,0
1.23,1.44,1
1.13,2.66,0
1.03,3.15,0
0.93,2.42,0
0.83,1.18,0
0.73,0.63,0
0.63,1.24,0
0.53,2.32,0
0.43,2.67,0
0.33,1.82,0
0.23,0.49,0
0.13,0.13,0
0.03,0.43,0
1.19,1.48,1
1.09,2.46,0
0.99,1.49,0
0.89,0.59,0
0.79,1.81,0
0.69,1.07,0
0.59,0.8,0
0.49,1.82,0
0.39,0.89,0
0.29,1.15,0
0.19,2.33,0
0.09,1.55,0
1.11,0.35,1
1.01,0.87,0
0.91,0.08,0
0.81,1.59,0
0.71,2.19,0
0.61,1.33,0
0.51,0.11,0
0.41,0.64,0
0.31,0.28,0
0.21,1.77,0
0.11,2.36,0
0.01,1.48,0
1.08,0.03,1
0.98,0.41,0
0.88,1.34,0
0.78,1.89,0
0.68,1.52,0
0.58,0.6,0
0.48,0.07,0
0.38,0.45,0
0.28,1.36,0
0.18,1.9,0
0.08,1.52,0
1.07,0.61,1
0.97,1.04,0
0.87,1.37,0
0.77,1.25,0
0.67,0.75,0
0.57,0.33,0
0.47,0.36,0
0.37,0.75,0
0.27,1.06,0
0.17,0.91,0
0.07,0.39,0
1.06,0.04,1
0.96,0.32,0
0.86,0.64,0
0.76,0.54,0
0.66,0.05,0
0.56,0.4,0
0.46,0.41,0
0.36,0.04,0
0.26,0.3,0
0.16,0.21,0
0.06,0.27,0
1.03,0.7,1
0.93,1.01,0
0.83,0.66,0
0.73,0.03,0
0.63,0.21,0
0.53,0.21,0
0.43,0.89,0
0.33,1.19,0
0.23,0.82,0
0.13,1.72,0
0.03,0.9,0
1.04,0.82,1
0.94,1.72,0
0.84,0.9,0
0.74,0.82,0
0.64,1.72,0
0.54,0.9,0
0.44,0.82,0
0.34,1.72,0
0.24,0.9,0
0.14,0.82,0
0.04,1.72,0
1.04,0.9,1
0.94,0.82,0
0.84,1.72,0
0.74,0.9,0
0.64,0.82,0
0.54,1.72,0
0.44,0.9,0
0.34,0.82,0
0.24,1.72,0
0.14,0.9,0
0.04,0.82,0
1.04,1.72,1
0.94,0.9,0
0.84,0.82,0
0.74,1.72,0
0.64,0.9,0
0.54,0.82,0
0.44,1.72,0
0.34,0.9,0
0.24,0.82,0
0.14,1.72,0
0.04,0.9,0
1.04,0.82,1
0.94,1.72,0
0.84,0.9,0
0.74,0.82,0
0.64,1.72,0
0.54,0.9,0
0.44,0.82,0
0.34,1.72,0
0.24,0.9,0
0.14,0.82,0
0.04,1.72,0
1.04,0.9,1
0.94,0.82,0
0.84,1.72,0
0.74,0.9,0
0.64,0.82,0
0.54,1.72,0
0.44,0.9,0
0.34,0.82,0
0.24,1.72,0
0.14,0.9,0
0.04,0.82,0
1.04,1.72,1
0.94,0.9,0
0.84,0.82,0
0.74,1.72,0
0.64,0.9,0
0.54,0.82,0
0.44,1.72,0
0.34,0.9,0
0.24,0.82,0
0.14,1.72,0
0.04,0.9,0
1.04,0.82,1
0.94,1.72,0
0.84,0.9,0
0.74,0.82,0
0.64,1.72,0
0.54,0.9,0
0.44,0.82,0
0.34,1.72,0
0.24,0.9,0
0.14,0.82,0
0.04,1.72,0
1.04,0.9,1
0.94,0.82,0
0.84,1.72,0
0.74,0.9,0
0.64,0.82,0
0.54,1.72,0
0.44,0.9,0
0.34,0.82,0
0.24,1.72,0
0.14,0.9,0
0.04,0.82,0
1.04,1.72,1
0.94,0.9,0
0.84,0.82,0
0.74,1.72,0
0.64,0.9,0
0.54,0.82,0
0.44,1.72,0
0.34,0.9,0
0.24,0.82,0
0.14,1.72,0
0.04,0.9,0
1.04,0.82,1
0.94,1.72,0
0.84,0.9,0
0.74,0.82,0
0.64,1.72,0
0.54,0.9,0
0.44,0.82,0
0.34,1.72,0
0.24,0.9,0
0.14,0.82,0
0.04,1.72,0
1.04,0.9,1
0.94,0.82,0
0.84,1.72,0
0.74,0.9,0
0.64,0.82,0
0.54,1.72,0
0.44,0.9,0
0.34,0.82,0
0.24,1.72,0
0.14,0.9,0
0.04,0.82,0
1.04,1.72,1
0.94,0.9,0
0.84,0.82,0
0.74,1.72,0
0.64,0.9,0
0.54,0.82,0
0.44,1.72,0
0.34,0.9,0
0.24,0.82,0
0.14,1.72,0
0.04,0.9,0
1.04,0.82,1
0.94,1.72,0
0.84,0.9,0
0.74,0.82,0
0.64,1.72,0
0.54,0.9,0
0.44,0.82,0
0.34,1.72,0
0.24,0.9,0
0.14,0.82,0
0.04,1.72,0
1.04,0.9,1
0.94,0.82,0
0.84,1.72,0
0.74,0.9,0
0.64,0.82,0
0.54,1.72,0
0.44,0.9,0
0.34,0.82,0
0.24,1.72,0
0.14,0.9,0
0.04,0.82,0
1.04,1.72,1
0.94,0.9,0
0.84,0.82,0
0.74,1.72,0
0.64,0.9,0
0.54,0.82,0
0.44,1.72,0
0.34,0.9,0
0.24,0.82,0
0.14,1.72,0
0.04,0.9,0
1.04,0.82,1
0.94,1.72,0
0.84,0.9,0
0.74,0.82,0
0.64,1.72,0
0.54,0.9,0
0.44,0.82,0
0.34,1.72,0
0.24,0.9,0
0.14,0.82,0
0.04,1.72,0
1.04,0.9,1
0.94,0.82,0
0.84,1.72,0
0.74,0.9,0
0.64,0.82,0
0.54,1.72,0
0.44,0.9,0
0.34,0.82,0
0.24,1.72,0
0.14,0.9,0
0.04,0.82,0
1.04,1.72,1
0.94,0.9,0
0.84,0.82,0
0.74,1.72,0
0.64,0.9,0
0.54,0.82,0
0.44,1.72,0
0.34,0.9,0
0.24,0.82,0
0.14,1.72,0
0.04,0.9,0
1.04,0.82,1
0.94,1.72,0
0.84,0.9,0
0.74,0.82,0
0.64,1.72,0
0.54,0.9,0
0.44,0.82,0
0.34,1.72,0
0.24,0.9,0
0.14,0.82,0
0.04,1.72,0
1.04,0.9,1
0.94,0.82,0
0.84,1.72,0
0.74,0.9,0
0.64,0.82,0
0.54,1.72,0
0.44,0.9,0
0.34,0.82,0
0.24,1.72,0
0.14,0.9,0
0.04,0.82,0
1.04,1.72,1
0.94,0.9,0
0.84,0.82,0
0.74,1.72,0
0.64,0.9,0
0.54,0.82,0
0.44,1.72,0
0.34,0.9,0
0.24,0.82,0
0.14,1.72,0
0.04,0.9,0
1.04,0.82,1
0.94,1.72,0
0.84,0.9,0
0.74,0.82,0
0.64,1.72,0
0.54,0.9,0
0.44,0.82,0
0.34,1.72,0
0.0,49.17,0
0.0,38.58,0
0.0,27.27,0
0.0,15.28,0
0.0,2.7,0
1.05,0.16,1
0.95,5.49,0
0.85,0.94,0
0.75,1.12,0
0.0,5.46,0
1.03,0.14,1
0.93,9.76,0
0.83,1.09,0
0.73,1.21,0
0.0,13.53,0
1.01,0.5,1
0.91,7.97,0
0.81,0.89,0
0.0,16.15,0
0.0,6.78,0
1.01,0.69,1
0.91,6.99,0
0.81,1.63,0
0.0,11.55,0
1.01,0.35,1
0.91,9.54,0
0.81,0.59,0
0.71,0.61,0
0.0,8.81,0
1.03,0.31,1
0.93,8.05,0
0.83,1.36,0
0.73,1.53,0
0.0,14.7,0
1.04,1.36,1
0.94,8.91,0
0.84,0.12,0
0.74,0.89,0
0.0,6.69,0
1.06,0.17,1
0.96,8.64,0
0.86,0.67,0
0.76,0.74,0
1.08,0.12,1
0.98,6.86,0
0.88,5.53,0
0.78,0.2,0
0.68,0.09,0
1.06,0.7,1
0.96,10.5,0
0.86,0.36,0
0.76,0.51,0
0.0,8.66,0
1.03,0.31,1
0.93,8.08,0
0.83,1.29,0
0.73,1.43,0
0.0,8.78,0
1.01,0.27,1
0.91,9.5,0
0.81,0.6,0
0.71,0.56,0
0.0,4.92,0
1.0,0.1,1
0.9,8.28,0
0.8,1.11,0
0.7,1.26,0
0.0,7.93,0
1.01,0.16,1
0.91,9.33,0
0.81,0.35,0
0.71,0.88,0
0.0,12.07,0
0.0,2.65,0
1.02,0.69,1
0.92,6.94,0
0.82,1.68,0
0.0,13.05,0
1.04,0.19,1
0.94,9.01,0
0.84,0.07,0
0.74,1.1,0
0.0,8.09,0
1.06,0.38,1
0.96,8.85,0
0.86,0.45,0
0.76,0.52,0
1.08,1.05,1
0.98,6.76,0
0.88,5.51,0
0.78,0.17,0
1.07,0.7,1
0.97,10.92,0
0.87,0.15,0
0.77,0.1,0
1.07,0.17,1
0.97,9.14,0
0.87,1.62,0
0.67,12.05,0
0.57,2.22,0
0.47,1.03,0
0.37,1.15,0
0.27,1.3,0
0.17,1.45,0
0.07,1.59,0
1.11,1.72,1
1.01,3.45,0
0.91,3.45,0
0.81,1.72,0
0.71,0.03,0
0.61,0.05,0
0.51,1.69,0
0.41,3.45,0
0.31,3.47,0
0.21,1.71,0
0.11,0.08,0
0.01,0.13,0
1.19,1.64,1
1.09,5.13,0
0.99,4.17,0
0.89,1.93,0
0.79,1.29,0
0.69,0.29,0
0.59,1.43,0
0.49,3.66,0
0.39,4.81,0
0.29,3.0,0
0.19,2.54,0
0.09,1.56,0
1.45,1.99,1
1.35,6.93,0
1.25,5.62,0
1.15,3.88,0
1.05,4.23,0
0.95,4.69,0
0.85,5.3,0
0.75,6.13,0
0.65,7.25,0
0.55,8.79,0
0.45,10.86,0
0.35,9.07,0
0.25,7.92,0
0.15,6.77,0
0.05,5.76,0
0.0,4.56,0
0.0,3.16,0
0.0,2.03,0
1.5,1.12,1
1.4,0.68,0
1.3,0.21,0
1.2,0.15,0
1.1,0.09,0
1.0,0.04,0
0.9,0.01,0
0.8,0.06,0
0.7,0.11,0
0.6,3.11,0
0.5,4.33,0
0.4,0.91,0
0.3,2.92,0
0.2,4.5,0
0.1,1.57,0
1.5,1.26,1
1.4,0.75,0
1.3,3.02,0
1.2,7.75,0
1.1,7.32,0
1.0,12.36,0
0.9,12.0,0
0.8,9.94,0
0.7,7.32,0
0.6,4.98,0
0.5,3.16,0
0.4,1.79,0
0.3,0.74,0
0.2,0.11,0
0.1,0.06,0
1.5,0.02,1
1.4,0.11,0
1.3,0.13,0
1.2,0.18,0
1.1,0.47,0
1.0,4.43,0
0.9,4.0,0
0.8,0.35,0
0.7,3.04,0
0.6,3.72,0
0.5,0.6,0
0.4,3.23,0
0.3,3.73,0
0.2,0.0,0
0.1,4.63,0
0.0,5.11,0
1.5,1.2,1
1.4,1.63,0
1.3,1.54,0
1.2,0.27,0
1.1,3.69,0
1.0,5.4,0
0.9,2.29,0
0.8,1.68,0
0.7,0.02,0
0.6,0.35,0
0.5,2.5,0
0.4,4.33,0
0.3,3.69,0
0.2,2.17,0
0.1,0.34,0
1.5,0.33,1
1.4,10.45,0
1.3,0.67,0
1.2,18.82,0
1.1,0.84,0
1.0,0.39,0
0.9,0.48,0
0.8,0.57,0
0.7,0.66,0
0.6,0.74,0
0.5,0.83,0
0.4,0.91,0
0.3,0.75,0
0.2,0.6,0
0.1,0.48,0
1.25,0.37,1
1.15,0.64,0
1.05,0.47,0
0.95,0.05,0
0.85,0.46,0
0.75,0.39,0
0.65,0.05,0
0.55,0.4,0
0.45,0.3,0
0.35,0.18,0
0.25,0.55,0
0.15,0.43,0
0.05,0.08,0
1.27,0.51,1
1.17,0.57,0
1.07,0.22,0
0.97,0.1,0
0.87,0.04,0
0.77,0.63,0
0.67,1.25,0
0.57,1.47,0
0.47,1.23,0
0.37,0.69,0
0.27,0.3,0
0.17,0.45,0
0.07,1.85,0
0.0,3.64,0
0.0,5.23,0
0.0,5.75,0
0.0,5.33,0
0.0,4.9,0
0.0,5.22,0
0.0,6.08,0
0.0,5.99,0
0.0,4.76,0
0.0,4.46,0
0.0,4.5,0
0.0,3.87,0
0.0,4.2,0
0.0,2.33,0
0.0,2.93,0
0.0,5.2,0
0.0,2.63,0
1.27,1.83,1
1.17,2.02,0
1.07,1.49,0
0.97,5.46,0
0.87,3.11,0
0.77,2.38,0
0.67,2.38,0
0.57,2.38,0
0.47,2.37,0
0.37,2.37,0
0.27,2.37,0
0.17,2.37,0
0.07,2.36,0
0.0,2.36,0
0.0,2.36,0
0.0,2.36,0
0.0,2.36,0
0.0,2.36,0
0.0,2.36,0
0.0,2.36,0
0.0,2.37,0
0.0,2.37,0
0.0,2.23,0
0.0,2.09,0
1.13,1.94,1
1.03,3.74,0
0.93,1.2,0
0.83,1.35,0
0.73,1.22,0
0.63,1.09,0
0.53,0.97,0
0.43,0.86,0
0.33,0.75,0
0.23,0.65,0
0.13,0.56,0
0.03,0.48,0
1.09,0.4,1
0.99,0.74,0
0.89,0.61,0
0.79,0.09,0
0.69,0.36,0
0.59,0.32,0
0.49,0.12,0
0.39,0.5,0
0.29,0.41,0
0.19,0.09,0
0.09,0.51,0
1.08,0.45,1
0.98,0.01,0
0.88,0.41,0
0.78,0.4,0
0.68,0.03,0
0.58,0.42,0
0.48,0.37,0
0.38,0.12,0
0.28,0.58,0
0.18,0.61,0
0.08,0.22,0
1.11,0.14,1
1.01,0.34,0
0.91,0.97,0
0.81,1.2,0
0.71,0.92,0
0.61,0.52,0
0.51,0.54,0
0.41,1.12,0
0.31,1.84,0
0.21,2.18,0
0.11,2.0,0
0.01,1.7,0
1.21,1.82,1
1.11,5.21,0
1.01,4.42,0
0.91,3.55,0
0.81,3.81,0
0.71,4.05,0
0.61,4.25,0
0.51,4.39,0
0.41,4.46,0
0.31,4.46,0
0.21,4.38,0
0.11,4.24,0
0.01,4.03,0
0.0,3.78,0
0.0,3.56,0
0.0,3.49,0
0.0,3.44,0
0.0,3.39,0
0.0,3.34,0
0.0,3.29,0
0.0,3.26,0
0.0,3.23,0
0.0,3.2,0
0.0,3.17,0
0.0,3.15,0
0.0,3.12,0
0.0,3.1,0
0.0,3.08,0
0.0,3.07,0
0.0,3.05,0
0.0,3.03,0
0.0,3.02,0
0.0,3.01,0
0.0,3.0,0
0.0,2.99,0
0.0,2.98,0
0.0,2.97,0
0.0,2.97,0
0.0,2.96,0
0.0,2.96,0
0.0,2.95,0
0.0,2.95,0
0.0,2.95,0
0.0,2.95,0
0.0,2.95,0
0.0,2.95,0
0.0,2.95,0
0.0,2.96,0
0.0,2.96,0
0.0,2.96,0
0.0,2.97,0
0.0,2.98,0
0.0,2.98,0
0.0,2.99,0
0.0,3.0,0
0.0,3.01,0
0.0,3.02,0
0.0,3.03,0
0.0,3.04,0
0.0,3.06,0
0.0,3.04,0
0.0,2.98,0
0.0,2.9,0
0.0,2.78,0
0.0,2.65,0
0.0,2.5,0
0.0,2.34,0
0.0,2.17,0
0.0,2.0,0
1.14,1.83,1
1.04,3.22,0
0.94,2.76,0
0.84,0.98,0
0.74,0.21,0
0.64,0.58,0
0.54,2.82,0
0.0,29.73,0
0.0,12.52,0
0.0,2.02,0
1.16,1.52,1
1.06,2.57,0
0.96,1.8,0
0.86,0.29,0
0.76,1.89,0
0.66,1.65,0
0.56,0.05,0
0.46,1.08,0
0.36,0.39,0
0.26,1.66,0
0.16,3.0,0
0.06,2.49,0
1.12,0.7,1
1.02,0.55,0
0.92,0.91,0
0.82,1.3,0
0.72,1.19,0
0.62,0.52,0
0.52,0.22,0
0.42,0.48,0
0.32,0.05,0
0.22,0.6,0
0.12,0.77,0
0.02,0.25,0
1.18,0.46,1
1.08,0.42,0
0.98,0.28,0
0.88,1.04,0
0.78,1.19,0
0.68,0.7,0
0.58,0.18,0
0.48,0.31,0
0.38,1.15,0
0.28,2.08,0
0.18,2.42,0
0.08,2.12,0
1.33,1.81,1
1.23,5.2,0
1.13,5.73,0
1.03,4.14,0
0.93,4.81,0
0.83,5.53,0
0.73,6.26,0
0.63,6.92,0
0.53,7.43,0
0.43,7.69,0
0.33,7.64,0
0.23,7.29,0
0.13,6.73,0
0.03,6.03,0
0.0,5.3,0
0.0,4.6,0
0.0,3.96,0
0.0,4.02,0
1.34,0.52,1
1.24,2.57,0
1.14,3.46,0
1.04,1.64,0
0.94,0.74,0
0.84,0.99,0
0.74,1.44,0
0.64,4.38,0
0.54,3.18,0
0.44,2.4,0
0.34,2.39,0
0.24,2.39,0
0.14,2.17,0
0.04,1.95,0
1.18,1.75,1
1.08,3.32,0
0.98,2.95,0
0.88,0.84,0
0.78,1.07,0
0.68,1.01,0
0.58,0.85,0
0.48,2.54,0
0.38,2.26,0
0.28,0.19,0
0.18,1.7,0
0.08,1.6,0
1.13,0.35,1
1.03,2.28,0
0.93,2.03,0
0.83,0.21,0
0.73,2.23,0
0.63,2.05,0
0.53,0.16,0
0.43,2.18,0
0.33,1.99,0
0.23,0.24,0
0.13,2.28,0
0.03,2.08,0
1.14,0.2,1
1.04,2.38,0
0.94,2.29,0
0.84,0.07,0
0.74,2.03,0
0.64,1.83,0
0.54,0.57,0
0.44,2.88,0
0.34,2.9,0
0.24,0.73,0
0.14,1.33,0
0.04,1.05,0
1.23,1.51,1
1.13,5.78,0
1.03,4.52,0
0.93,2.36,0
0.83,2.56,0
0.73,2.18,0
0.63,2.39,0
0.53,4.18,0
0.43,6.14,0
0.33,5.11,0
0.23,5.68,0
0.13,6.85,0
0.03,6.35,0
0.0,5.68,0
1.49,1.89,1
1.39,0.27,0
1.29,0.27,0
1.19,1.31,0
1.09,1.81,0
0.99,0.76,0
0.89,0.24,0
0.79,0.28,0
0.69,2.19,0
0.59,3.65,0
0.49,3.21,0
0.39,1.33,0
0.29,0.05,0
0.19,0.74,0
0.09,3.19,0
0.0,5.1,0
0.0,3.68,0
0.0,2.83,0
0.0,2.4,0
1.23,1.55,1
1.13,4.65,0
1.03,3.87,0
0.93,2.67,0
0.83,2.66,0
0.73,2.64,0
0.63,2.63,0
0.53,2.62,0
0.43,2.61,0
0.33,2.61,0
0.23,2.6,0
0.13,2.59,0
0.03,2.59,0
0.0,2.58,0
0.0,2.58,0
0.0,2.58,0
0.0,2.57,0
0.0,2.57,0
0.0,2.57,0
0.0,2.57,0
0.0,2.57,0
0.0,2.57,0
0.0,2.57,0
0.0,2.58,0
0.0,2.58,0
0.0,2.58,0
0.0,2.58,0
0.0,2.59,0
0.0,2.59,0
0.0,2.6,0
0.0,2.6,0
0.0,2.61,0
0.0,2.62,0
0.0,2.63,0
0.0,2.63,0
0.0,2.64,0
0.0,2.65,0
0.0,2.62,0
0.0,2.57,0
0.0,2.49,0
0.0,2.39,0
0.0,2.28,0
0.0,2.16,0
0.0,2.02,0
1.12,1.89,1
1.02,3.64,0
0.92,3.37,0
0.82,1.19,0
0.72,0.86,0
0.62,0.86,0
0.52,1.08,0
0.42,2.91,0
0.32,2.69,0
0.22,0.53,0
0.12,1.52,0
0.02,1.49,0
1.09,0.52,1
0.99,2.78,0
0.89,0.0,0
0.79,0.18,0
0.69,0.13,0
0.59,0.09,0
0.49,0.06,0
0.39,0.03,0
0.29,0.01,0
0.19,0.01,0
0.09,0.02,0
1.08,0.03,1
0.98,0.07,0
0.88,0.07,0
0.78,0.03,0
0.68,0.02,0
0.58,0.05,0
0.48,0.05,0
0.38,0.05,0
0.28,0.08,0
0.18,0.15,0
0.08,0.24,0
1.1,0.32,1
1.0,0.77,0
0.9,0.39,0
0.8,0.34,0
0.7,0.69,0
0.6,0.35,0
0.5,0.26,0
0.4,0.66,0
0.3,0.53,0
0.2,0.13,0
0.1,0.0,0
1.1,0.38,1
1.0,1.52,0
0.9,1.75,0
0.8,0.78,0
0.7,0.47,0
0.6,0.82,0
0.5,0.02,0
0.4,1.13,0
0.3,1.32,0
0.2,0.32,0
0.1,0.98,0
0.0,1.36,0
1.16,0.57,1
1.06,0.08,0
0.96,0.09,0
0.86,0.68,0
0.76,1.61,0
0.66,1.91,0
0.56,1.44,0
0.46,0.04,0
0.36,1.67,0
0.26,2.04,0
0.16,1.01,0
0.06,0.14,0
1.21,0.03,1
1.11,3.04,0
