distancia,angulo,velocidade,direcao_robo,direcao_inimigo,seguro

0.0,0.0,0.0,0.0,0.0,1
650.7521799398312,-33.86701075788288,8.0,0.0,43.96112238282511,1
648.8930719479147,-33.69426833007924,8.0,0.0,47.9611223828251,1
646.5828080459326,-33.492123343760525,8.0,0.0,51.96112238282511,1
643.803465804891,-33.26273248493458,8.0,0.0,55.9611223828251,1
640.5394295567071,-33.00826803161124,8.0,0.0,59.96112238282511,1
636.7773392000319,-32.73091691057547,8.0,0.0,63.96112238282512,1
632.5060379492039,-32.432881781339034,8.0,0.0,67.96112238282512,1
627.7165200045312,-32.11638402882755,8.0,0.0,71.96112238282512,1
622.5388070775078,-31.786182144174457,8.0,0.0,74.96112238282511,1
617.9236699246866,-31.46307773232067,8.0,0.0,70.96112238282511,1
613.8582614252912,-31.15159694404847,8.0,0.0,66.96112238282511,1
610.3263088592275,-30.85622498557446,8.0,0.0,62.9611223828251,1
607.3083218963314,-30.581344127604066,8.0,0.0,58.961122382825096,1
604.7818484608619,-30.331175372032703,8.0,0.0,54.96112238282509,1
602.7217712412378,-30.109725634621473,8.0,0.0,50.961122382825096,1
601.100636370456,-29.920741964479372,8.0,0.0,46.96112238282509,1
599.8890050459895,-29.767673909157104,8.0,0.0,42.961122382825096,1
599.0558186079109,-29.65364468499787,8.0,0.0,38.961122382825096,1
594.5190289634032,-29.865691735349195,0.0,0.0,34.961122382825096,1
586.7017000014254,-30.298010999729005,-1.0,0.0,24.961122382825092,1
577.9054014821387,-30.757733860477874,-2.0,0.0,15.711122382825094,1
568.0898560026183,-31.220019984190664,-3.0,0.0,7.211122382825094,1
557.2677912588058,-31.661835433667324,-4.0,0.0,359.4611223828251,1
545.4865954486058,-32.062603670742845,-5.0,0.0,352.46112238282507,1
534.5017503320989,-32.28956971816932,-6.0,0.0,346.21112238282507,1
524.3757490707112,-32.31833989778861,-7.0,0.0,340.711122382825,1
515.1826051656953,-32.12937967828335,-8.0,0.0,335.961122382825,1
507.9098859537728,-31.7560790563728,-8.0,0.0,331.961122382825,1
501.76935668344044,-31.255789642135003,-8.0,0.0,327.96112238282507,1
496.8228915816074,-30.629473360947504,-8.0,0.0,323.961122382825,1
493.1367167352392,-29.880458378391676,-8.0,0.0,319.961122382825,1
490.78010021133764,-29.01461396433041,-8.0,0.0,315.961122382825,1
489.8236954772767,-28.040423041204466,-8.0,0.0,311.961122382825,1
490.3375999830513,-26.96892464551655,-8.0,0.0,307.961122382825,1
492.3892298724463,-25.813507241522803,-8.0,0.0,303.96112238282495,1
496.0411453034149,-24.589548000473012,-8.0,0.0,299.961122382825,1
500.4307876215994,-23.35922394026741,-8.0,0.0,295.96112238282495,1
505.5794247980756,-22.131721311842934,-8.0,0.0,291.96112238282495,1
511.5008289687398,-20.91611129664094,-8.0,0.0,287.96112238282495,1
518.2011864208966,-19.721143518823393,-8.0,0.0,283.96112238282495,1
525.6791956978293,-18.555057196689596,-8.0,0.0,279.96112238282495,1
532.0184628182267,-17.489920995640517,-8.0,0.0,275.96112238282495,1
537.1722848558476,-16.519033749064363,-8.0,0.0,271.96112238282495,1
541.0952509923076,-15.636997361766108,-8.0,0.0,267.9611223828249,1
543.742754543111,-14.839563587411257,-8.0,0.0,263.96112238282495,1
546.0404954172394,-14.097917348384915,-8.0,0.0,259.9611223828249,1
547.9528785409371,-13.413464145620564,-8.0,0.0,255.96112238282493,1
549.0880949324471,-12.76422575182578,-8.0,0.0,254.96112238282495,1
548.8295436253281,-12.111006670882464,-8.0,0.0,258.961122382825,1
547.1608946419265,-11.4523273208968,-8.0,0.0,262.96112238282495,1
544.0678156905974,-10.78665815949908,-8.0,0.0,266.961122382825,1
539.5380216571134,-10.112371194014509,-8.0,0.0,270.96112238282495,1
533.5613241628294,-9.42768568494261,-8.0,0.0,274.961122382825,1
527.1181171176883,-8.714105988330559,-8.0,0.0,278.961122382825,1
520.2080915050833,-7.972746396077747,-8.0,0.0,282.961122382825,1
512.8325357828564,-7.204655793804991,-8.0,0.0,286.961122382825,1
506.9818172348984,-6.385578522482258,-8.0,0.0,290.961122382825,1
502.8424506724677,-6.035000340615346,0.0,0.0,294.96112238282507,1
501.0708939676924,-6.170692840601045,1.0,0.0,304.961122382825,1
501.8189157327243,-6.38263055746384,2.0,0.0,314.211122382825,1
504.34450739565796,-6.66344836458762,3.0,0.0,322.711122382825,1
508.8347421896116,-6.989321294521413,4.0,0.0,330.46112238282495,1
515.4140478487889,-7.335366794559847,5.0,0.0,337.46112238282495,1
524.1522299039073,-7.678611350218014,6.0,0.0,343.711122382825,1
535.0756785062791,-8.000221855275718,7.0,0.0,349.211122382825,1
548.1796713135869,-8.28686170248837,8.0,0.0,353.961122382825,1
562.513138136923,-8.492992487406108,8.0,0.0,357.961122382825,1
578.0322752552796,-8.621850400229402,8.0,0.0,1.961122382825036,1
593.7066485479415,-8.692122691848866,8.0,0.0,5.961122382825036,1
607.5194748825467,-8.735953492303059,8.0,0.0,9.961122382825035,1
619.4317597663473,-8.754892662760328,8.0,0.0,13.961122382825037,1
629.4044735461562,-8.750165651698955,8.0,0.0,17.96112238282504,1
637.3987212663296,-8.722727551272696,8.0,0.0,21.961122382825035,1
641.4099781858522,-8.688079566186422,0.0,0.0,25.961122382825035,1
638.4725306669168,-8.740113466175323,-1.0,0.0,35.96112238282503,1
633.7024588718994,-8.858969292868107,-2.0,0.0,45.21112238282503,1
627.2685968300613,-9.068650380706439,-3.0,0.0,53.71112238282503,1
619.368448456865,-9.389176757100483,-4.0,0.0,61.461122382825025,1
610.2086883821919,-9.837153341794203,-5.0,0.0,68.46112238282501,1
599.9902441279144,-10.426512811842558,-6.0,0.0,74.71112238282502,1
588.3412483816527,-11.138354789553357,-7.0,0.0,74.96112238282493,1
578.2005061159551,-11.730289673452582,-5.0,0.0,79.71112238282494,1
569.3178737032588,-12.176156515683033,-3.0,0.0,85.96112238282494,1
561.2853821310057,-12.448007577786344,-1.0,0.0,93.71112238282494,1
553.5019764706334,-12.574830972254272,0.5,0.0,102.96112238282494,1
545.5205843095072,-12.60127390339927,1.5,0.0,112.58612238282494,1
537.0440149729554,-12.53050651650207,2.5,0.0,121.46112238282493,1
527.835848226485,-12.370745739502032,3.5,0.0,129.58612238282493,1
517.7213818026553,-12.132680746844642,4.5,0.0,136.96112238282493,1
506.58241867681744,-11.827320107657373,5.5,0.0,143.58612238282493,1
494.3488289875085,-11.46427583510385,6.5,0.0,149.46112238282493,1
480.98912886977087,-11.050401052484853,7.5,0.0,154.58612238282493,1
466.890464660477,-10.62724531870118,8.0,0.0,158.96112238282495,1
452.4800261149014,-10.23394551476062,8.0,0.0,162.96112238282495,1
437.9332104985352,-9.844809581987535,8.0,0.0,164.96112238282495,1
423.7374975366261,-9.36797541365792,8.0,0.0,160.96112238282493,1
409.9375511446036,-8.798959325979782,8.0,0.0,156.96112238282493,1
399.8401011365581,-8.640069123162037,0.0,0.0,152.96112238282493,1
392.48194824948774,-8.93784066258165,-1.0,0.0,142.96112238282495,1
385.40873782743824,-9.39397497718298,-2.0,0.0,133.71112238282493,1
378.37016703938076,-10.028228119816552,-3.0,0.0,125.21112238282493,1
371.15417268135235,-10.853251728078162,-4.0,0.0,117.46112238282493,1
363.59873819295814,-11.877641762123213,-5.0,0.0,110.46112238282493,1
355.597123623723,-13.108922126506036,-6.0,0.0,104.21112238282493,1
347.09907110311264,-14.556174343744123,-7.0,0.0,98.71112238282493,1
338.11030812365146,-16.232177685780325,-8.0,0.0,93.96112238282493,1
328.8743412180522,-17.983631521994138,-8.0,0.0,89.96112238282493,1
319.4146439140058,-19.815807715236705,-8.0,0.0,85.96112238282493,1
309.7568029514226,-21.73479643935917,-8.0,0.0,81.9611223828249,1
299.92867647661285,-23.747608938203005,-8.0,0.0,77.9611223828249,1
289.96059087322084,-25.86229120585214,-8.0,0.0,73.9611223828249,1
279.8855823382956,-28.0880471574166,-8.0,0.0,69.9611223828249,1
269.73968961899243,-30.435367955051785,-8.0,0.0,65.96112238282488,1
259.5623040732088,-32.91616113914326,-8.0,0.0,61.961122382824875,1
249.39658192988082,-35.54386858205433,-8.0,0.0,57.961122382824875,1
239.28992054677212,-38.33355536455687,-8.0,0.0,53.961122382824875,1
229.2944944423817,-41.30194166750551,-8.0,0.0,49.961122382824875,1
219.87299661953688,-48.56755784903367,-8.0,0.0,45.961122382824875,1
211.18053865715726,-56.13415191894838,-8.0,0.0,41.961122382824875,1
203.36799884924318,-63.99400922033801,-8.0,0.0,37.961122382824875,1
196.57438806488727,-72.12454779627139,-8.0,0.0,33.961122382824875,1
190.9175032482542,-80.48579760501735,-8.0,0.0,29.961122382824875,1
186.48378909711417,-89.01977925396598,-8.0,0.0,25.961122382824882,1
183.3189990807193,-97.65265137224752,-8.0,0.0,21.961122382824882,1
181.42162693862048,-106.29987475685304,-8.0,0.0,17.961122382824882,1
180.74083875220938,-114.87367644692145,-8.0,0.0,13.96112238282488,1
181.17968997610265,-123.29122180064326,-8.0,0.0,9.961122382824882,1
179.35152881470964,-130.2927313410519,-8.0,0.0,5.9611223828248825,1
175.45492278798193,-142.54955972659232,-8.0,0.0,1.9611223828248816,1
171.34823979616235,-154.81838407162726,-8.0,0.0,357.96112238282484,1
167.03675509125313,-167.10075649054875,-8.0,0.0,353.9611223828249,1
161.52609200996181,-179.39473266646544,-8.0,0.0,349.9611223828249,1
154.85944001518396,168.88466635262785,-8.0,0.0,345.96112238282484,1
147.5563427049894,157.4696514657676,-8.0,0.0,344.96112238282495,1
140.54040167841157,146.0363541119457,-8.0,0.0,348.96112238282495,1
136.43266571382557,135.34877686386116,-8.0,0.0,352.9611223828249,1
134.80181456717918,123.53937895674217,-8.0,0.0,356.9611223828249,1
134.5348913632621,110.5407168999682,-8.0,0.0,0.9611223828249454,1
135.1864310756669,98.73090725484982,-8.0,0.0,4.9611223828249456,1
136.3258403220774,88.1574423627715,-8.0,0.0,8.961122382824945,1
137.58421317708144,78.8106235267522,-8.0,0.0,12.961122382824945,1
138.6730130813594,70.6502507833379,-8.0,0.0,16.961122382824946,1
139.38357895927624,63.62700897187282,-8.0,0.0,20.961122382824943,1
139.57698861797593,57.696648214401556,-8.0,0.0,24.961122382824943,1
139.17113094029344,52.828380667830004,-8.0,0.0,28.961122382824946,1
138.7870150471081,48.69805043128062,-8.0,0.0,32.961122382824946,1
138.42670078699953,44.55625839456347,-8.0,0.0,36.961122382824946,1
138.09213644352587,40.403683815411696,-8.0,0.0,40.961122382824946,1
137.78514517786996,36.24108166067262,-8.0,0.0,44.961122382824946,1
137.50741199558053,32.06927904889242,-8.0,0.0,48.961122382824946,1
137.26047139923458,27.889170789752868,-8.0,0.0,52.961122382824946,1
137.0456958888983,23.701714035520293,-8.0,0.0,56.96112238282494,1
136.86428546852147,19.507922080455298,-8.0,0.0,60.961122382824946,1
136.71725830868323,15.308857365288281,-8.0,0.0,64.96112238282495,1
136.60544270437146,11.105623764605948,-8.0,0.0,68.96112238282495,1
136.52947045085563,6.899358254477589,-8.0,0.0,72.96112238282495,1
136.48977174149894,2.6912220750541525,-8.0,0.0,76.96112238282497,1
136.4865716690195,-1.5176084825728033,-8.0,0.0,80.96112238282497,1
136.51988838684915,-5.725951524926576,-8.0,0.0,84.96112238282498,1
136.58953296061085,-9.932629092786481,-8.0,0.0,88.96112238282498,1
136.69511091214528,-14.136476635945135,-8.0,0.0,92.96112238282498,1
136.83602543085618,-18.33635227796929,-8.0,0.0,96.961122382825,0
138.86093975324994,-22.214929682750657,-8.0,0.0,100.961122382825,1
142.70799041384282,-27.22482579286659,-8.0,0.0,104.961122382825,1
148.25423135857906,-33.29636247696665,-8.0,0.0,108.96112238282501,1
155.2845242577871,-40.354677202443604,-8.0,0.0,112.96112238282501,1
162.8116675792473,-47.60420952585925,-8.0,0.0,116.96112238282501,1
169.1535789251352,-46.212269865295816,-8.0,0.0,120.96112238282502,1
174.5731276015365,-45.000315059610465,-8.0,0.0,124.96112238282502,1
179.01465416924438,-43.93955713268447,-8.0,0.0,128.96112238282504,1
182.42836768240474,-43.00882376275174,-8.0,0.0,132.96112238282504,1
187.0027201279188,-41.575539936720986,-8.0,0.0,136.96112238282504,1
192.63852730451228,-39.757309948300225,-8.0,0.0,140.96112238282504,1
198.8423464683501,-37.75568447871875,-8.0,0.0,144.96112238282504,1
205.66950441006855,-35.610595045670536,-8.0,0.0,148.96112238282504,1
213.1730128717687,-33.36079591372738,-8.0,0.0,152.96112238282507,1
221.40081333128686,-31.043097291898192,-8.0,0.0,156.96112238282507,1
230.39371289560975,-28.69162126058246,-8.0,0.0,160.96112238282507,1
240.184040674306,-26.337160042252382,-8.0,0.0,164.9611223828249,1
249.75412560045135,-24.397674062685347,-6.0,0.0,168.9611223828249,1
258.86445516378234,-22.868093355742054,-4.0,0.0,174.4611223828249,1
266.9726791838731,-21.797986588272025,-2.0,0.0,181.4611223828249,1
274.4167501322173,-21.177722533597287,0.0,0.0,189.9611223828249,1
281.8237559897394,-20.793101423576907,1.0,0.0,199.9611223828249,1
289.4949310272095,-20.625051463052213,2.0,0.0,209.2111223828249,1
297.69837843902457,-20.643383808394518,3.0,0.0,217.71112238282487,1
306.65723149907933,-20.81139420872616,4.0,0.0,225.4611223828249,1
316.54380670012654,-21.090391602687482,5.0,0.0,232.46112238282493,1
327.4793145805197,-21.443725770941455,6.0,0.0,238.71112238282493,1
339.5380566651357,-21.839914518642754,7.0,0.0,244.21112238282493,1
352.75457337065416,-22.254639027785515,8.0,0.0,248.96112238282495,1
364.3335284873654,-26.634246444863898,8.0,0.0,252.96112238282493,1
374.1253602690192,-32.5445293346211,8.0,0.0,254.96112238282493,1
381.7693159863127,-40.13348856924122,8.0,0.0,250.9611223828249,1
387.5705609415833,-49.45402524864959,8.0,0.0,246.96112238282493,1
393.55535071576327,-60.181973461336625,8.0,0.0,242.9611223828249,1
398.5362308347019,-70.3852678614373,8.0,0.0,238.9611223828249,1
403.12011431869433,-81.13347837024624,8.0,0.0,234.9611223828249,1
407.6614898172949,-91.29544214357497,8.0,0.0,230.9611223828249,1
412.4814103478155,-100.85290257005553,8.0,0.0,226.96112238282487,1
417.848865078765,-109.77898633412997,8.0,0.0,222.9611223828249,1
423.9705724854438,-118.04194304549061,8.0,0.0,218.96112238282487,1
430.9886289189212,-125.60881730153282,8.0,0.0,214.96112238282487,1
438.9847303899934,-132.44868471073661,8.0,0.0,210.96112238282487,1
447.6145452158668,-138.49277272893636,8.0,0.0,206.96112238282484,1
456.4290073354131,-144.06640843336044,8.0,0.0,202.96112238282484,1
465.34228983120283,-149.5422668879903,8.0,0.0,198.96112238282484,1
474.26759153227476,-154.91929157195224,8.0,0.0,194.96112238282484,1
483.1184600276914,-160.19746139200868,8.0,0.0,190.9611223828248,1
491.8099479537285,-165.37756887870145,8.0,0.0,186.96112238282484,1
495.69973486736643,-170.37243817071075,8.0,0.0,182.9611223828248,1
495.8423096124622,178.7031463379003,8.0,0.0,178.9611223828248,1
495.55548494958197,167.77904397232237,8.0,0.0,174.9611223828248,1
494.83991400586234,156.85712130606896,8.0,0.0,170.9611223828248,1
493.6972292784415,145.9392569593552,8.0,0.0,166.96112238282478,1
492.13004684346055,135.02735200387679,8.0,0.0,162.96112238282478,1
490.1419731715314,124.12334053020649,8.0,0.0,158.96112238282478,1
487.7376146654029,113.22920045117463,8.0,0.0,154.96112238282478,1
484.9225900803339,102.34696461240883,8.0,0.0,150.96112238282478,1
481.7035460336381,91.47873227776057,8.0,0.0,146.96112238282478,1
478.0881758571302,80.62668105212238,8.0,0.0,142.96112238282475,1
473.7407600466082,69.9065787858291,8.0,0.0,138.96112238282475,1
468.3453304420661,60.055811829321925,8.0,0.0,134.96112238282475,1
461.66984361182796,51.055734507181896,8.0,0.0,130.96112238282475,1
453.5630096450789,42.885217060324095,8.0,0.0,126.96112238282474,1
443.9437108795205,35.52325142848319,8.0,0.0,122.96112238282474,1
432.78689807683895,28.95073810903954,8.0,0.0,118.96112238282474,1
420.1086996858213,23.151670567362885,8.0,0.0,114.96112238282473,1
405.95248068943175,18.113949566798926,8.0,0.0,110.96112238282473,1
391.34792478322186,13.795049613124226,8.0,0.0,106.96112238282471,1
376.3686187354483,9.441936128052026,8.0,0.0,102.9611223828247,1
361.0902755273655,5.051184409460682,8.0,0.0,98.9611223828247,1
345.5903977667371,0.6189396560300279,8.0,0.0,94.9611223828247,1
329.94793418482743,-3.8591228316679294,8.0,0.0,90.96112238282468,1
314.2429297112633,-8.387834371190602,8.0,0.0,86.96112238282468,1
298.55616883583343,-12.972561977526619,8.0,0.0,82.96112238282468,1
282.96881079917995,-17.619222864726662,8.0,0.0,78.96112238282467,1
267.56201346929913,-22.334274106685108,8.0,0.0,74.96112238282483,1
252.43967485415908,-27.251296884910076,8.0,0.0,74.96112238282483,1
237.6723162938163,-32.40112443671355,8.0,0.0,74.96112238282483,1
223.42774143654023,-37.9604514059254,8.0,0.0,78.96112238282484,1
209.88869921526495,-43.99167074455426,8.0,0.0,82.96112238282484,1
197.27301665188912,-50.55842246277618,8.0,0.0,86.96112238282484,1
185.83625016702632,-57.717750745578385,8.0,0.0,90.96112238282485,1
175.86932299175623,-65.50700891890604,8.0,0.0,94.96112238282485,1
167.6869924307792,-73.92535947773527,8.0,0.0,98.96112238282485,1
161.6030111516502,-82.91303155423819,8.0,0.0,102.96112238282488,1
157.54211522566655,-89.83901075031693,8.0,0.0,106.96112238282488,1
155.49523211251056,-95.55783903116165,8.0,0.0,110.9611223828249,1
155.58364670676306,-101.39453764054413,8.0,0.0,114.96112238282488,1
157.83283851936844,-107.15487213993914,8.0,0.0,118.96112238282488,1
162.16923004441364,-112.65692986594692,8.0,0.0,122.96112238282488,1
168.4357314617319,-117.75800408289355,8.0,0.0,126.9611223828249,1
176.41946595342765,-122.36790617387955,8.0,0.0,130.9611223828249,1
185.881757689655,-126.44770258667529,8.0,0.0,134.9611223828249,1
196.58269569057427,-129.99903705948083,8.0,0.0,138.9611223828249,1
208.29719138646948,-133.05049886013308,8.0,0.0,142.9611223828249,1
220.8231254512335,-135.64544986032226,8.0,0.0,146.96112238282493,1
233.98380525712741,-137.83308206216878,8.0,0.0,150.96112238282493,1
247.62704555540967,-139.6627213164837,8.0,0.0,154.96112238282495,1
261.6226166494125,-141.18065739754607,8.0,0.0,158.96112238282495,1
275.8591540391203,-142.42867602393312,8.0,0.0,162.96112238282495,1
290.2411215132593,-143.44362351199055,8.0,0.0,166.96112238282493,1
304.6860977386248,-144.2575397905705,8.0,0.0,170.96112238282495,1
319.1224742805455,-144.89806752788886,8.0,0.0,174.96112238282495,1
333.48756112223896,-145.3889665142812,8.0,0.0,178.96112238282498,1
347.7260559512642,-145.75064030313771,8.0,0.0,182.96112238282498,1
361.7888211566179,-146.00062893713712,8.0,0.0,186.96112238282498,1
375.6319133304437,-146.1540483080431,8.0,0.0,190.961122382825,1
389.21581637279127,-146.2239711482705,8.0,0.0,194.96112238282498,1
402.5048371671786,-146.22175193051018,8.0,0.0,198.961122382825,1
415.4666304338917,-146.15730119541635,8.0,0.0,202.96112238282498,1
428.0718260661608,-146.03931589453404,8.0,0.0,206.961122382825,1
440.29373782932475,-145.87547229356156,8.0,0.0,210.961122382825,1
452.1081368088754,-145.67258742540872,8.0,0.0,214.96112238282504,1
463.4930765730629,-145.4367543348414,8.0,0.0,218.961122382825,1
474.42875983196086,-145.17345558230434,8.0,0.0,222.96112238282504,1
484.897438578738,-144.88765875252574,8.0,0.0,226.961122382825,1
494.88334141958586,-144.5838970754958,8.0,0.0,230.96112238282504,1
504.37262314173125,-144.26633772072893,8.0,0.0,234.96112238282504,1
513.3533326179778,-143.93883986581125,8.0,0.0,238.96112238282507,1
521.8153959666831,-143.60500425745857,8.0,0.0,242.96112238282507,1
529.7506125284909,-143.26821566649033,8.0,0.0,246.96112238282507,1
537.1526617241691,-142.9316793763264,8.0,0.0,250.9611223828251,1
544.0171192509487,-142.59845262792962,8.0,0.0,254.96112238282493,1
550.3414813798984,-142.27147176394013,8.0,0.0,258.9611223828249,1
556.1251963505588,-141.9535756637683,8.0,0.0,262.96112238282495,1
561.3697020332248,-141.64752593353597,8.0,0.0,266.9611223828249,1
566.0784691522673,-141.35602420491878,8.0,0.0,270.96112238282495,1
570.2570494412065,-141.08172680100037,8.0,0.0,274.96112238282495,1
573.9131281349494,-140.82725694181775,8.0,0.0,278.96112238282495,1
577.0565801977594,-140.59521458464457,8.0,0.0,282.96112238282495,1
579.6995296364644,-140.38818392211766,8.0,0.0,286.96112238282495,1
581.8564111550322,-140.2087384935231,8.0,0.0,290.961122382825,1
583.5440332656099,-140.05944379995822,8.0,0.0,294.96112238282495,1
584.7816417781659,-139.94285725233632,8.0,0.0,298.961122382825,1
585.5909823411993,-139.86152522266121,8.0,0.0,302.96112238282495,1
585.9963603946857,-139.81797691485926,8.0,0.0,306.961122382825,1
586.024696519304,-139.81471472387486,8.0,0.0,310.961122382825,1
585.7055747203985,-139.85420071402513,8.0,0.0,314.961122382825,1
585.0712806713462,-139.93883882440622,8.0,0.0,318.961122382825,1
584.1568263638144,-140.07095240655156,8.0,0.0,322.961122382825,1
582.9999569832497,-140.25275672520772,8.0,0.0,326.961122382825,1
581.6411351672776,-140.48632611610978,8.0,0.0,330.961122382825,1
580.1234971447666,-140.7735556052364,8.0,0.0,334.96112238282507,1
578.4927746407781,-141.11611696288324,8.0,0.0,338.96112238282507,1
576.7971759310068,-141.51540940301058,8.0,0.0,342.961122382825,1
575.1035602731337,-141.94473306963323,8.0,0.0,344.961122382825,1
573.5004500159547,-142.3210812636684,8.0,0.0,340.961122382825,1
572.3390379055431,-146.5987869515235,8.0,0.0,336.96112238282507,1
571.610399137699,-150.77526176066343,8.0,0.0,332.961122382825,1
571.3086679124277,-154.8488607325591,8.0,0.0,328.961122382825,1
571.4313533837521,-158.81889787603308,8.0,0.0,324.96112238282495,1
571.9794727577395,-162.68565245992946,8.0,0.0,320.961122382825,1
572.957497013002,-166.45036646528183,8.0,0.0,316.96112238282495,1
574.3731110858596,-170.11523302398575,8.0,0.0,312.961122382825,1
576.2367967163317,-173.68337510678143,8.0,0.0,308.96112238282495,1
578.5612524289717,-177.1588132850375,8.0,0.0,304.96112238282495,1
581.36067121185,179.45357883700453,8.0,0.0,300.96112238282495,1
577.2653898666173,176.0987830990735,8.0,0.0,296.96112238282495,1
572.14202785614,166.75718157979804,8.0,0.0,292.96112238282495,1
566.7068185067999,158.1509578345833,8.0,0.0,288.96112238282495,1
561.1150271846597,150.25205754102961,8.0,0.0,284.96112238282495,1
555.5355486154689,143.03703448118523,8.0,0.0,280.96112238282495,1
550.1336260234127,136.4868864197387,8.0,0.0,276.9611223828249,1
545.0580564571164,130.58668962997027,8.0,0.0,272.96112238282495,1
540.4322661101504,125.32512298148605,8.0,0.0,268.9611223828249,1
536.3485283291609,120.6939432244571,8.0,0.0,264.96112238282495,1
533.3144722886244,116.7834448011886,8.0,0.0,260.9611223828249,1
531.3435463148064,112.84215372537109,8.0,0.0,256.9611223828249,1
530.4444552749596,108.86908586615988,8.0,0.0,252.9611223828249,1
530.621161775489,104.86378516481408,8.0,0.0,248.96112238282487,1
531.8728874272701,100.82634161052081,8.0,0.0,244.9611223828249,1
534.1941125607859,96.75738768016461,8.0,0.0,240.96112238282487,1
537.6710374627283,92.87097046254395,8.0,0.0,236.96112238282487,1
542.1227920751189,87.66424595527559,8.0,0.0,232.96112238282487,1
547.2214852391356,81.13114235757931,8.0,0.0,228.96112238282487,1
552.4971686822848,73.2578073401975,8.0,0.0,224.96112238282484,1
557.797964776564,63.924790419262514,8.0,0.0,220.96112238282487,1
562.8316813117582,55.3618018732642,8.0,0.0,216.96112238282484,1
567.3682158795107,47.547130886879984,8.0,0.0,212.96112238282484,1
571.2340278988805,40.4598668521072,8.0,0.0,208.96112238282484,1
574.3034556632704,34.08135799939118,8.0,0.0,204.96112238282484,1
576.488873238766,28.39607365163376,8.0,0.0,200.9611223828248,1
577.73098699444,23.392043964351032,8.0,0.0,196.9611223828248,1
577.9900562308065,19.061027918974357,8.0,0.0,192.9611223828248,1
578.2026408264104,15.372216556109777,8.0,0.0,188.96112238282478,1
578.3499228157982,11.574310841933116,8.0,0.0,184.9611223828248,1
578.4616552510114,9.693828354059173,8.0,0.0,180.96112238282478,1
578.5457143776771,9.758081635041428,8.0,0.0,176.96112238282478,1
578.5614016613727,9.76744610505477,8.0,0.0,172.96112238282478,1
578.4699538047564,9.72253579830918,8.0,0.0,168.96112238282478,1
578.2346741686712,9.624164786949978,8.0,0.0,164.96112238282495,1
578.144360766503,9.579206621093507,8.0,0.0,168.96112238282495,1
578.1597527734833,9.588582401998199,8.0,0.0,172.96112238282495,1
578.2426203499864,9.652884487191834,8.0,0.0,176.96112238282498,1
578.3560073615141,9.772408710455213,8.0,0.0,180.96112238282495,1
578.4644359093372,9.9471878859782,8.0,0.0,184.96112238282498,1
578.5340745586054,10.17702551551366,8.0,0.0,188.96112238282498,1
578.5328728142659,10.461528819417444,8.0,0.0,192.96112238282498,1
578.4306648229353,10.800140411042555,8.0,0.0,196.96112238282498,1
578.1992455048465,11.192168118475701,8.0,0.0,200.961122382825,1
577.8124223816154,11.636812621339223,8.0,0.0,204.96112238282498,1
577.2460463000335,12.133192709838951,8.0,0.0,208.961122382825,1
576.4780240938418,12.680368087487192,8.0,0.0,212.96112238282504,1
575.4883160045808,13.277359728874437,8.0,0.0,216.961122382825,1
574.2589204242415,13.923167871592721,8.0,0.0,220.96112238282504,1
572.7738482465564,14.616787769711891,8.0,0.0,224.96112238282504,1
571.0190888355868,15.357223368109304,8.0,0.0,228.96112238282504,1
568.9825693507751,16.14349907547317,8.0,0.0,232.961122382825,1
566.6541089142922,16.974669821750982,8.0,0.0,236.96112238282504,1
564.0253688738903,17.849829585682677,8.0,0.0,240.96112238282504,1
561.0898002049183,18.768118571969826,8.0,0.0,244.96112238282504,1
557.8425889093699,19.728729207332808,8.0,0.0,248.96112238282507,1
554.2806001072795,20.73091111158978,8.0,0.0,252.96112238282504,1
550.4023213751906,21.773975185028476,8.0,0.0,256.96112238282507,1
546.2078057659515,22.85729693752727,8.0,0.0,260.96112238282507,1
541.698614841675,23.980319168674892,8.0,0.0,264.96112238282507,1
536.8777619651272,25.142554091903413,8.0,0.0,268.96112238282507,1
531.7496560218874,26.343584979598138,8.0,0.0,272.96112238282507,1
526.3200456842123,27.583067390361794,8.0,0.0,276.96112238282507,1
520.5959642756476,28.86073002407697,8.0,0.0,280.96112238282507,1
514.5856752511804,30.176375235042684,8.0,0.0,284.96112238282507,1
510.00442583127284,31.412380411460397,8.0,0.0,288.9611223828251,1
506.7923603488279,32.552524793897355,8.0,0.0,292.96112238282507,1
504.8901596481553,33.58192669316859,8.0,0.0,296.9611223828251,1
504.2413336824164,34.48738072808755,8.0,0.0,300.9611223828251,1
503.9783041717657,35.323237495273425,8.0,0.0,304.9611223828251,1
504.0782351637962,36.08331182808004,8.0,0.0,308.9611223828251,1
504.52111321714153,36.76184014487295,8.0,0.0,312.9611223828251,1
505.2904462090066,37.35349899021477,8.0,0.0,316.9611223828251,1
506.3739565852723,37.85342096460608,8.0,0.0,320.9611223828251,1
507.76425754937384,38.257210915571086,8.0,0.0,324.9611223828252,1
509.4595005863769,38.560965256928334,8.0,0.0,328.9611223828251,1
511.4639821447411,38.76129708830604,8.0,0.0,332.9611223828251,1
513.010347733474,38.92543601468082,8.0,0.0,336.9611223828252,1
514.1185904693884,39.0506196416883,8.0,0.0,340.9611223828252,1
514.8112715468071,39.13407578063831,8.0,0.0,344.961122382825,1
515.113599494737,39.17303117683717,8.0,0.0,348.961122382825,1
515.0535050439103,39.16472474893173,8.0,0.0,352.96112238282507,1
514.6617087197096,39.10642590446064,8.0,0.0,356.96112238282507,1
513.9717775841974,38.99545853594954,8.0,0.0,0.9611223828250473,1
513.0201667627612,38.8292313101898,8.0,0.0,4.961122382825048,1
510.2848403342626,38.74539196580734,8.0,0.0,8.961122382825048,1
505.7986734333007,38.7427314346849,8.0,0.0,12.961122382825048,1
499.5986171837333,38.82201735398494,8.0,0.0,16.961122382825046,1
491.72547844623915,38.98605620994912,8.0,0.0,20.961122382825046,1
482.9988358665577,39.164818024630904,8.0,0.0,24.961122382825046,1
473.45838794677525,39.359536912022676,8.0,0.0,28.961122382825046,1
463.14417221928977,39.57198447153819,8.0,0.0,32.961122382825046,1
452.0964487951255,39.80454326612728,8.0,0.0,36.961122382825046,1
440.3556036717205,40.060301133284675,8.0,0.0,40.961122382825046,1
427.9620786032644,40.343171221412945,8.0,0.0,44.961122382825046,1
414.9563368175801,40.65804434157154,8.0,0.0,48.961122382825046,1
401.37887722428025,41.010982507624476,8.0,0.0,52.961122382825046,1
388.02087995322546,41.311796938163944,8.0,0.0,56.961122382825046,1
374.9111317901035,41.556743961620846,8.0,0.0,60.961122382825046,1
362.07864233883686,41.742055736633006,8.0,0.0,64.96112238282505,1
349.5525732733839,41.864001525248256,8.0,0.0,68.96112238282505,1
337.36214496851824,41.918966966142364,8.0,0.0,72.96112238282505,1
325.3505215468187,41.94022279002663,8.0,0.0,74.96112238282502,1
312.9899412327454,42.04285697389482,8.0,0.0,70.96112238282502,1
300.31426197143963,42.24169321509635,8.0,0.0,66.96112238282501,1
287.361801437063,42.55424773499105,8.0,0.0,62.96112238282501,1
274.1762168332761,43.001363394894355,8.0,0.0,58.961122382825,1
260.80767119392664,43.60799772788686,8.0,0.0,54.961122382825,1
247.31438217188764,44.40419336013293,8.0,0.0,50.961122382825,1
233.76468001623488,45.42625165380309,8.0,0.0,46.961122382825,1
220.23973700026386,46.71810484259924,8.0,0.0,42.961122382825,1
206.83716406997365,48.33281897736816,8.0,0.0,38.961122382825,1
193.67568226947364,50.33402364326329,8.0,0.0,34.961122382825,1
180.90101941523397,52.79679333014131,8.0,0.0,30.96112238282501,1
168.69295588165588,55.80701036955386,8.0,0.0,26.96112238282501,1
157.27285798601378,59.457436757948884,8.0,0.0,22.96112238282501,1
146.90980406806437,63.8376806745939,8.0,0.0,18.96112238282501,1
137.92127211840108,69.01457709031196,8.0,0.0,14.961122382825009,1
130.66164995931794,75.00100208563728,8.0,0.0,10.96112238282501,1
125.49062605536326,81.71774271803814,8.0,0.0,6.9611223828250095,1
122.71833808848105,88.96548543064313,8.0,0.0,2.9611223828250104,1
122.538464279051,96.4332705480163,8.0,0.0,358.96112238282507,1
124.97733404749124,103.75745741511201,8.0,0.0,354.961122382825,1
129.19713141235619,109.77882859068623,8.0,0.0,350.961122382825,1
134.39498258177636,114.47750391237894,8.0,0.0,346.961122382825,1
139.92948694163607,117.94728338216778,8.0,0.0,342.961122382825,1
145.32986304308997,120.31885004423172,8.0,0.0,338.96112238282495,1
150.80372902638686,122.03940312409011,8.0,0.0,334.96112238282495,1
156.19170694087063,123.16920543421406,8.0,0.0,330.961122382825,1
161.37887671801138,123.76244015694401,8.0,0.0,326.961122382825,1
166.28899933610973,123.86479946757808,8.0,0.0,322.96112238282495,1
170.87977393139025,123.51311666291609,8.0,0.0,318.96112238282495,1
175.1393452585516,122.73608189817944,8.0,0.0,314.96112238282495,1
179.08396829345787,121.55550663726679,8.0,0.0,310.96112238282495,1
182.75659972330834,119.9878790518178,8.0,0.0,306.96112238282495,1
186.69838967879502,118.31696427672655,8.0,0.0,302.96112238282495,1
190.9089170874534,116.55250178606306,8.0,0.0,298.9611223828249,1
195.38861091004406,114.70436695087085,8.0,0.0,294.96112238282495,1
200.138395980946,112.78241863414412,8.0,0.0,290.9611223828249,1
205.1593579547149,110.7963662086069,8.0,0.0,286.96112238282495,1
210.45243561364498,108.75565499537126,8.0,0.0,282.9611223828249,1
216.01814658632838,106.66936938824975,8.0,0.0,278.9611223828249,1
221.8563504613622,104.546153100496,8.0,0.0,274.9611223828249,1
227.96605138924846,102.3941460134743,8.0,0.0,270.9611223828249,1
234.3452405862474,100.22093702391074,8.0,0.0,266.9611223828249,1
240.9907777203653,98.03353210692912,8.0,0.0,262.9611223828249,1
247.89830899703804,95.83833657780178,8.0,0.0,258.9611223828249,1
255.06221888265623,93.64115029031325,8.0,0.0,254.96112238282504,1
262.64791933758636,91.68780874046018,8.0,0.0,258.961122382825,1
270.53344757379466,89.96437004671031,8.0,0.0,262.96112238282507,1
278.6080089695042,88.45443275830058,8.0,0.0,266.961122382825,1
286.771963213462,87.14046038121901,8.0,0.0,270.96112238282507,1
294.93633002483034,86.00472519734892,8.0,0.0,274.96112238282507,1
303.0220293649665,85.02993767689199,8.0,0.0,278.96112238282507,1
310.9590066486269,84.19963393917979,8.0,0.0,282.96112238282507,1
318.685340751647,83.49838687761115,8.0,0.0,286.96112238282507,1
326.14639340519966,82.91189463735165,8.0,0.0,290.96112238282507,1
333.29403138168027,82.42698758217196,8.0,0.0,294.96112238282507,1
340.0859351216816,82.03158380007267,8.0,0.0,298.9611223828251,1
346.4849965299668,81.71461427171121,8.0,0.0,302.96112238282507,1
352.4588024247096,81.4659320470335,8.0,0.0,306.9611223828251,1
357.9791969359114,81.27621483338001,8.0,0.0,310.9611223828251,1
363.0219148697201,81.13686690562587,8.0,0.0,314.9611223828251,1
367.5662779124867,81.03992384385934,8.0,0.0,318.9611223828251,1
371.59494604012264,80.97796198740352,8.0,0.0,322.9611223828251,1
375.0937173104591,80.94401343433799,8.0,0.0,326.9611223828252,1
378.0513701595762,80.93148674197509,8.0,0.0,330.9611223828251,1
380.4595432889214,80.93409307338764,8.0,0.0,334.9611223828251,1
382.3126491605866,80.94577730243189,8.0,0.0,338.9611223828251,1
383.607817986199,80.96065347651077,8.0,0.0,342.9611223828252,1
384.3448698911106,80.97294400420326,8.0,0.0,346.9611223828252,1
384.5263136598717,80.97692195995121,8.0,0.0,350.9611223828251,1
384.1573711251125,80.96685596697306,8.0,0.0,354.9611223828251,1
383.24602685371815,80.9369572273258,8.0,0.0,358.9611223828252,1
381.8031033124194,80.88132841603142,8.0,0.0,2.9611223828251774,1
379.84236215490614,80.79391435168199,8.0,0.0,6.961122382825177,1
377.0615031439544,80.96834106946457,8.0,0.0,10.96112238282518,1
373.49440483119247,81.40627724338458,8.0,0.0,14.96112238282518,1
369.2007296686056,82.11289275361123,8.0,0.0,18.961122382825177,1
364.2662729897111,83.09671136809793,8.0,0.0,22.961122382825177,1
358.90354083772826,84.2104514433003,8.0,0.0,26.961122382825177,1
353.18081046643636,85.45940440875829,8.0,0.0,30.96112238282518,1
347.1731075795914,86.84968823267312,8.0,0.0,34.961122382825174,1
340.9624963374594,88.38807111253095,8.0,0.0,38.961122382825174,1
334.6383842740286,90.0817244421684,8.0,0.0,42.961122382825174,1
328.2977946985321,91.93788298637133,8.0,0.0,46.961122382825174,1
322.04554066446354,93.96338953069198,8.0,0.0,50.961122382825174,1
315.9942126173228,96.1641041368711,8.0,0.0,54.961122382825174,1
310.1168736617686,98.36146160979249,8.0,0.0,58.961122382825174,1
304.41770251315796,100.55104120008241,8.0,0.0,62.96112238282519,1
298.8997214028909,102.72813548626661,8.0,0.0,66.9611223828252,1
293.56484078532975,104.88776507617503,8.0,0.0,70.9611223828252,1
288.4139276193284,107.02469757454179,8.0,0.0,74.96112238282504,1
283.4468981282266,109.13347055950064,8.0,0.0,78.96112238282504,1
278.662835432695,111.20841821229583,8.0,0.0,82.96112238282504,1
274.06013188988965,113.2437011825407,8.0,0.0,86.96112238282507,1
269.6366553799906,115.23333925767385,8.0,0.0,90.96112238282507,1
265.38993817752595,117.17124644933459,8.0,0.0,94.96112238282507,1
261.3173864476541,119.05126821700034,8.0,0.0,98.96112238282508,1
257.416507829392,120.86722072152588,8.0,0.0,102.96112238282508,1
253.68515401389132,122.61293223390251,8.0,0.0,106.96112238282508,1
249.0007172114592,123.90202898415895,8.0,0.0,110.9611223828251,1
243.25864743939468,124.72399650462651,8.0,0.0,114.96112238282508,1
236.40655618307312,125.0559965533214,8.0,0.0,118.96112238282508,1
228.44650199820865,124.85913828695591,8.0,0.0,122.96112238282508,1
220.00318950037573,124.28982572870878,8.0,0.0,126.9611223828251,1
211.15905084754644,123.30170369968243,8.0,0.0,130.9611223828251,1
202.0313947121831,121.83742260566783,8.0,0.0,134.96112238282512,1
192.78056794282818,119.82788134672954,8.0,0.0,138.96112238282512,1
183.62021971543368,117.19307638589908,8.0,0.0,142.96112238282512,1
174.8290540210783,113.84635369081558,8.0,0.0,146.96112238282512,1
166.76189698272452,109.70486940429957,8.0,0.0,150.96112238282512,1
159.85506693300644,104.70962314239299,8.0,0.0,154.96112238282515,1
154.77430280589533,99.22248882357589,8.0,0.0,158.96112238282515,0
151.7407822664865,93.36661168501271,8.0,0.0,162.96112238282515,1
151.18092811456108,83.34442563547586,8.0,0.0,164.9611223828251,1
152.27477164118872,73.39972030904994,8.0,0.0,160.9611223828251,1
154.92500518715588,63.68243780910446,8.0,0.0,156.9611223828251,1
158.96420195308914,54.31296382873751,8.0,0.0,152.9611223828251,1
164.17701554845524,45.372038008021654,8.0,0.0,148.96112238282507,1
170.3240576019698,36.90061533498341,8.0,0.0,144.96112238282507,1
177.16214739665043,28.906681571567727,8.0,0.0,140.96112238282507,1
184.3524035996241,23.294623395571247,8.0,0.0,136.96112238282507,1
191.66115118039792,19.95791147278471,8.0,0.0,132.96112238282504,1
199.0129730169079,16.870823576375937,8.0,0.0,128.96112238282504,1
206.34219420965655,14.00948659714135,8.0,0.0,124.96112238282504,1
213.59173446970826,11.352288982983803,8.0,0.0,120.96112238282504,1
218.73622266125813,8.960876454519335,8.0,0.0,116.96112238282504,1
221.7006259817267,6.7533347038476315,8.0,0.0,112.96112238282502,1
222.43634130606603,4.663352644182051,8.0,0.0,108.96112238282502,1
220.91486598426104,2.633239748608476,8.0,0.0,104.96112238282502,1
218.12435740757843,0.6054346219264503,8.0,0.0,100.96112238282501,1
214.0677772564141,-1.4484546630320725,8.0,0.0,96.96112238282501,1
208.75621695096862,-3.5595736112997587,8.0,0.0,92.96112238282501,1
202.20971214416576,-5.763877990375045,8.0,0.0,88.961122382825,1
194.45882280517935,-8.104855707015211,8.0,0.0,84.96112238282498,1
185.54732345001023,-10.637327889649226,8.0,0.0,80.96112238282498,1
175.53661689481916,-13.432972725405367,8.0,0.0,76.96112238282498,1
164.5129582372552,-16.58858625879445,8.0,0.0,72.96112238282498,1
153.538083744082,-20.1095644634673,8.0,0.0,68.96112238282497,1
142.70993131868607,-24.073612806045823,8.0,0.0,64.96112238282495,1
132.15199111496872,-28.576890834584034,8.0,0.0,60.96112238282495,1
122.02170156822942,-33.73551021197033,8.0,0.0,56.96112238282495,1
112.52055482053359,-39.68291209620411,8.0,0.0,52.96112238282495,1
103.90420777511957,-46.55779189041984,8.0,0.0,48.96112238282495,1
96.48771149368245,-54.47435991401178,8.0,0.0,44.96112238282495,1
90.63586231470644,-63.46747719618289,8.0,0.0,40.96112238282495,1
86.72474471231405,-73.41882773745701,8.0,0.0,36.96112238282495,1
85.06745554404111,-84.00290123497389,8.0,0.0,32.96112238282495,1
85.82409167098638,-94.71714862525333,8.0,0.0,28.96112238282496,1
88.94665345634156,-105.01868569310199,8.0,0.0,24.96112238282496,1
94.198935891415,-114.48886573693362,8.0,0.0,20.96112238282496,1
101.23582142517188,-122.91612224307116,8.0,0.0,16.96112238282496,1
109.68932738355451,-130.2734532839952,8.0,0.0,12.96112238282496,1
119.22456279274111,-136.64661420802562,8.0,0.0,8.961122382824964,1
129.56185781425464,-142.16807581992808,8.0,0.0,4.961122382824963,1
140.47758000036805,-146.97613564134056,8.0,0.0,0.961122382824963,1
151.7959316028725,-151.1957691771463,8.0,0.0,356.9611223828249,1
163.37883379312302,-154.93246431015163,8.0,0.0,352.9611223828249,1
173.26054504168826,-158.02743745322192,8.0,0.0,348.96112238282495,1
181.24958401581043,-160.67568062549486,8.0,0.0,344.96112238282507,1
188.12275310011597,-162.81433765320554,8.0,0.0,348.96112238282507,1
193.71660834572216,-164.5309292419177,8.0,0.0,352.96112238282507,1
198.87221589611218,-165.95972639401833,8.0,0.0,356.9611223828251,1
203.49891705882504,-167.12650170879178,8.0,0.0,0.9611223828250981,1
207.51654433023828,-168.0526424244865,8.0,0.0,4.961122382825098,1
213.7972527530288,-168.91209806190375,8.0,0.0,8.961122382825097,1
221.80486888394168,-169.65734007703733,8.0,0.0,12.9611223828251,1
230.9964470659124,-170.2596391155928,8.0,0.0,16.9611223828251,1
241.31992104309984,-170.7242439801806,8.0,0.0,20.961122382825096,1
252.72565559018176,-171.06026843037262,8.0,0.0,24.961122382825096,1
265.16674371046713,-171.2793275074868,8.0,0.0,28.961122382825103,1
278.599013075458,-171.3943863501841,8.0,0.0,32.961122382825096,1
292.98084785366086,-171.41886121857863,8.0,0.0,36.961122382825096,1
308.2729152146505,-171.3659660870704,8.0,0.0,40.9611223828251,1
323.9436935270034,-171.2348171768873,8.0,0.0,44.961122382825096,1
339.464377357933,-171.02508680196368,8.0,0.0,48.961122382825096,1
354.8030217662098,-170.74870860191075,8.0,0.0,52.961122382825096,1
369.9297832540241,-170.41573931588107,8.0,0.0,56.961122382825096,1
384.81665253701794,-170.03472830420256,8.0,0.0,60.961122382825096,1
399.43726020207396,-169.61300641197002,8.0,0.0,64.9611223828251,1
413.7667368268805,-169.15691351422984,8.0,0.0,68.96112238282511,1
427.78161420687866,-168.67197912968606,8.0,0.0,72.96112238282511,1
441.45975791972177,-168.16306686385127,8.0,0.0,76.96112238282511,1
454.7803240152774,-167.6344907798533,8.0,0.0,80.96112238282512,1
467.72373446207945,-167.0901098307834,8.0,0.0,84.96112238282512,1
480.271667321535,-166.53340503026007,8.0,0.0,88.96112238282512,1
492.40705860515504,-165.96754295014622,8.0,0.0,92.96112238282514,1
504.1141134988382,-165.39542831704972,8.0,0.0,96.96112238282514,1
515.3783251825222,-164.8197478608819,8.0,0.0,100.96112238282514,1
526.186499883142,-164.2430070975931,8.0,0.0,104.96112238282517,1
536.5267871091164,-163.66756136654513,8.0,0.0,108.96112238282517,1
546.3887142507372,-163.0956421632357,8.0,0.0,112.96112238282518,1
555.763224910921,-162.5293795899256,8.0,0.0,116.96112238282517,1
564.6427204677408,-161.97082157506048,8.0,0.0,120.96112238282517,1
573.0211044732581,-161.4219503759739,8.0,0.0,124.96112238282517,1
580.8938295689734,-160.8846967697439,8.0,0.0,128.96112238282518,1
588.25794665121,-160.36095224784523,8.0,0.0,132.96112238282518,1
595.1121560529397,-159.85257945650764,8.0,0.0,136.96112238282518,1
601.4568605236901,-159.36142106271535,8.0,0.0,140.96112238282518,1
607.2942197870348,-158.889307172671,8.0,0.0,144.96112238282518,1
612.6282064357324,-158.4380613830793,8.0,0.0,148.9611223828252,1
617.4646628871474,-158.0095055040712,8.0,0.0,152.9611223828252,1
621.8113590648405,-157.60546295470903,8.0,0.0,156.96112238282524,1
625.6780503943834,-157.2277607968639,8.0,0.0,160.96112238282524,1
629.0765356003045,-156.87823034025268,8.0,0.0,164.96112238282504,1
632.0207136641283,-156.55870622028831,8.0,0.0,168.96112238282504,1
634.5266391480445,-156.27102382119958,8.0,0.0,172.96112238282507,1
636.6125749022951,-156.01701489003463,8.0,0.0,176.9611223828251,1
638.299040954583,-155.79850116350204,8.0,0.0,180.96112238282507,1
639.6088581252022,-155.6172858103969,8.0,0.0,184.9611223828251,1
640.5671846218191,-155.4751424794038,8.0,0.0,188.96112238282507,1
641.2015435444372,-155.37380173769233,8.0,0.0,192.9611223828251,1
641.5418388782374,-155.31493469286454,8.0,0.0,196.9611223828251,1
641.620357177444,-155.3001336129614,8.0,0.0,200.96112238282512,1
641.4717517594815,-155.3308894003887,8.0,0.0,204.9611223828251,1
641.1330058535807,-155.40856584008915,8.0,0.0,208.96112238282512,1
640.6433708065424,-155.53437063440327,8.0,0.0,212.9611223828251,1
640.0442751730845,-155.70932336072875,8.0,0.0,216.96112238282512,1
639.3792003496228,-155.93422064610183,8.0,0.0,220.96112238282512,1
638.6935183965248,-156.20959904606585,8.0,0.0,224.96112238282512,1
638.0342878889976,-156.53569634156227,8.0,0.0,228.96112238282512,1
637.450004097848,-156.91241222093961,8.0,0.0,232.96112238282512,1
636.9903005834765,-157.3392695832308,8.0,0.0,236.96112238282512,1
636.7056004356655,-157.8153779663827,8.0,0.0,240.96112238282512,1
636.6467169362828,-158.33940084672335,8.0,0.0,244.96112238282515,1
636.8644053622187,-158.9095287446318,8.0,0.0,248.96112238282512,1
637.4088699438987,-159.52346017339792,8.0,0.0,252.96112238282515,1
638.1736728591978,-160.15757524981854,8.0,0.0,254.9611223828251,1
638.725064354746,-160.74737588512477,8.0,0.0,250.96112238282512,1
639.081864467431,-161.2919042670153,8.0,0.0,246.9611223828251,1
639.2647636199737,-161.7902428298969,8.0,0.0,242.96112238282512,1
639.296325371672,-162.24152985188536,8.0,0.0,238.9611223828251,1
639.2009759632333,-162.6449769433332,8.0,0.0,234.9611223828251,1
639.0049784249959,-162.9998884331823,8.0,0.0,230.96112238282507,1
638.736388853219,-163.30568259844412,8.0,0.0,226.9611223828251,1
638.4249923394849,-163.56191460518315,8.0,0.0,222.96112238282507,1
638.1022159841899,-163.76830093586773,8.0,0.0,218.9611223828251,1
637.8010164600337,-163.92474496824414,8.0,0.0,214.96112238282507,1
637.5557397408136,-164.03136324684115,8.0,0.0,210.96112238282507,1
637.4019509006099,-164.08851185353387,8.0,0.0,206.96112238282507,1
637.3762323428203,-164.09681214423625,8.0,0.0,202.96112238282507,1
637.5159494570628,-164.05717498314897,8.0,0.0,198.96112238282504,1
637.858983536122,-163.97082248491964,8.0,0.0,194.96112238282507,1
638.4434328141984,-163.83930618157325,8.0,0.0,190.96112238282504,1
639.3072836950416,-163.66452047950952,8.0,0.0,186.961122382825,1
640.4880555881674,-163.44871027677706,8.0,0.0,182.96112238282504,1
642.0224242060723,-163.1944716852283,8.0,0.0,178.961122382825,1
643.9458296169967,-162.9047449555016,8.0,0.0,174.961122382825,1
646.2920767001419,-162.58279893885168,8.0,0.0,170.96112238282498,1
649.0929368053764,-162.23220673487913,8.0,0.0,166.961122382825,1
652.3777602670336,-161.8568125555624,8.0,0.0,162.961122382825,1
656.1731098604674,-161.460690261992,8.0,0.0,158.961122382825,1
660.5024252419796,-161.0480944711944,8.0,0.0,154.96112238282498,1
665.3857278332883,-160.6234055513327,8.0,0.0,150.96112238282498,1
670.8393745001966,-160.19107018760437,8.0,0.0,146.96112238282498,1
676.8758667787264,-159.7555394743497,8.0,0.0,142.96112238282495,1
683.5037204140477,-159.32120664457153,8.0,0.0,138.96112238282495,1
690.7273977294168,-158.89234657064233,8.0,0.0,134.96112238282495,1
698.547302989874,-158.47305905715476,8.0,0.0,130.96112238282495,1
706.9598386319822,-158.06721771002276,8.0,0.0,126.96112238282494,1
715.9575181494405,-157.678425828434,8.0,0.0,122.96112238282494,1
725.5291296819273,-157.30998036012554,8.0,0.0,118.96112238282494,1
735.6599430403137,-156.9648445220764,8.0,0.0,114.96112238282493,1
746.3319520612196,-156.64562925418187,8.0,0.0,110.96112238282493,1
757.5241438201159,-156.3545832745886,8.0,0.0,106.96112238282493,1
769.2127863089968,-156.09359116663526,8.0,0.0,102.96112238282493,1
781.3717266370841,-155.86417866440814,8.0,0.0,98.96112238282491,1
793.9726925577636,-155.66752412340293,8.0,0.0,94.9611223828249,1
806.9855910712512,-155.5044750631989,8.0,0.0,90.96112238282488,1
820.3787989117162,-155.37556864258454,8.0,0.0,86.96112238282488,1
834.1194408205516,-155.28105496215295,8.0,0.0,82.96112238282488,1
848.3900063805936,-159.18615259856912,8.0,0.0,78.96112238282487,1
863.1210927676495,-163.09149454185382,8.0,0.0,74.96112238282504,1
877.7230302383746,-166.9331386812661,8.0,0.0,78.96112238282504,1
892.1327545880994,-170.71487393848474,8.0,0.0,82.96112238282504,1
906.2908882193921,-174.4404285522929,8.0,0.0,86.96112238282507,1
920.1416384002405,-178.11344254282128,8.0,0.0,90.96112238282507,1
933.632683162236,178.26255165286906,8.0,0.0,94.96112238282507,1
946.7150511485936,174.68414188587917,8.0,0.0,98.96112238282508,1
959.3430001394815,171.1480436541888,8.0,0.0,102.96112238282508,1
971.4738977009426,167.65110323171905,8.0,0.0,106.96112238282508,1
983.0681063863366,164.19029750122996,8.0,0.0,110.9611223828251,1
994.088875126109,160.76273125967154,8.0,0.0,114.96112238282508,1
1004.5022378346464,157.36563262023813,8.0,0.0,118.96112238282508,1
1014.2769198074578,153.99634701156276,8.0,0.0,122.96112238282508,1
1023.3842521477552,150.6523301700388,8.0,0.0,126.9611223828251,1
1031.7980942232252,147.33114043432104,8.0,0.0,130.9611223828251,1
1039.4947639902634,144.03043057950973,8.0,0.0,134.96112238282512,1
1046.4529759170741,140.7479393702028,8.0,0.0,138.96112238282512,1
1052.6537861750858,137.4814829644752,8.0,0.0,142.96112238282512,1
1058.0805447392916,134.22894626306106,8.0,0.0,146.96112238282512,1
1062.7188540339628,130.98827426795674,8.0,0.0,150.96112238282512,1
1066.5565337741525,127.7574634909377,8.0,0.0,154.96112238282515,1
1069.5835916806086,124.53455343393355,8.0,0.0,158.96112238282515,1
1071.792199782341,121.31761814886165,8.0,0.0,162.96112238282515,1
1073.1766760644007,118.10475787361496,8.0,0.0,166.96112238282515,1
1073.7334712663192,114.89409073281207,8.0,0.0,170.96112238282518,1
1073.4611606876426,111.68374448618357,8.0,0.0,174.96112238282515,1
1072.3604409099412,108.47184830373972,8.0,0.0,178.96112238282518,1
1070.4341313987074,105.25652454492491,8.0,0.0,182.96112238282518,1
1067.687181003054,102.0358805186786,8.0,0.0,186.96112238282518,1
1064.1266794253615,98.80800020269105,8.0,0.0,190.96112238282518,1
1059.7618737864568,95.57093590323555,8.0,0.0,194.9611223828252,1
1054.359951150652,91.96848215826438,8.0,0.0,198.96112238282518,1
1048.5503895700974,82.26818405640103,8.0,0.0,202.9611223828252,1
1042.3971180919432,72.54836704153865,8.0,0.0,206.9611223828252,1
1035.4676684824035,62.85679966315044,8.0,0.0,210.9611223828252,1
1027.5260319809013,53.93408615922495,8.0,0.0,214.9611223828252,1
1018.407553462866,45.7690783136578,8.0,0.0,218.96112238282524,1
1008.0128420785684,38.35008649297736,8.0,0.0,222.9611223828252,1
996.2975171322122,31.66578708132587,8.0,0.0,226.96112238282524,1
983.260211529672,25.705862100473663,8.0,0.0,230.96112238282527,1
968.930553267509,20.461428346784132,8.0,0.0,234.96112238282524,1
953.3582375248982,15.92531805413159,8.0,0.0,238.96112238282527,1
937.5816682091892,12.079467225185036,8.0,0.0,242.96112238282527,1
921.669205696567,8.170128838211063,8.0,0.0,246.96112238282527,1
905.6932626285942,4.193538641994137,8.0,0.0,250.96112238282527,1
889.7303511369413,0.14596463711501065,8.0,0.0,254.9611223828251,1
873.8610813944218,-3.976229975225996,8.0,0.0,258.9611223828251,1
858.1700943862073,-8.176508601023867,8.0,0.0,262.9611223828252,1
842.7459087252454,-12.458066307895223,8.0,0.0,266.9611223828251,1
827.6806584495381,-16.82371714753625,8.0,0.0,270.9611223828252,1
813.0696964376532,-21.275763644693566,8.0,0.0,274.9611223828251,1
799.0110369160913,-25.815849647557542,8.0,0.0,278.9611223828252,1
785.6046112114857,-30.444799498395852,8.0,0.0,282.9611223828252,1
772.9513142381843,-35.162448709500836,8.0,0.0,286.9611223828252,1
761.1518260453292,-39.96747392589592,8.0,0.0,290.9611223828252,1
750.305203778141,-44.85723270930702,8.0,0.0,294.9611223828252,1
740.5072549726883,-49.82762623010433,8.0,0.0,298.9611223828252,1
731.8487229016381,-54.87299980797131,8.0,0.0,302.9611223828252,1
724.4133375211785,-59.9860968103389,8.0,0.0,306.9611223828252,1
718.2758091827075,-65.15808012797699,8.0,0.0,310.9611223828252,1
713.1737390704292,-67.86864154745182,8.0,0.0,314.9611223828252,1
708.9431943068868,-69.10448377145072,8.0,0.0,318.96112238282524,1
705.6022107119846,-70.35888785893701,8.0,0.0,322.96112238282524,1
703.1609499587025,-71.62476414746831,8.0,0.0,326.96112238282524,1
701.6214126747864,-72.89479209931073,8.0,0.0,330.96112238282524,1
700.9773281973444,-74.1615713941323,8.0,0.0,334.9611223828253,1
701.2142286525999,-75.41777703922972,8.0,0.0,338.96112238282524,1
702.8571974564168,-80.66526425174993,8.0,0.0,342.96112238282524,1
705.6398364911267,-85.90154539646078,8.0,0.0,344.96112238282524,1
708.8019314225287,-91.1475360854496,8.0,0.0,340.96112238282524,1
712.3373111829087,-96.39568689679295,8.0,0.0,336.9611223828252,1
716.2325112301676,-101.63860090457968,8.0,0.0,332.9611223828252,1
720.4668816945762,-106.86912720633012,8.0,0.0,328.96112238282524,1
725.0128732687716,-112.08044487056272,8.0,0.0,324.9611223828252,1
729.8364860221038,-117.26613429584577,8.0,0.0,320.96112238282524,1
734.897860784415,-122.42023384644459,8.0,0.0,316.9611223828252,1
740.1519887825192,-127.53728059463744,8.0,0.0,312.9611223828252,1
741.9519287149103,-132.30947090307743,8.0,0.0,308.9611223828252,1
741.5059731263465,-142.92648300689677,8.0,0.0,304.9611223828252,1
740.5892656412141,-153.5409499568525,8.0,0.0,300.9611223828252,1
739.2045321303907,-164.15110234021913,8.0,0.0,296.9611223828251,1
737.3559053173448,-174.7551589351649,8.0,0.0,292.9611223828252,1
735.0489311042267,174.64867801471812,8.0,0.0,288.9611223828251,1
732.2905770413312,164.0622274111677,8.0,0.0,284.9611223828251,1
729.0892429288749,153.48733375258197,8.0,0.0,280.9611223828251,1
725.4547735283275,142.92587137216785,8.0,0.0,276.9611223828251,1
721.3984733422892,132.37974839764428,8.0,0.0,272.9611223828251,1
717.4613369871834,121.91874457139308,8.0,0.0,268.9611223828251,1
713.3504411924911,112.30878851882161,8.0,0.0,264.9611223828251,1
708.7856318268811,103.55899046117452,8.0,0.0,260.9611223828251,1
703.5235166345727,95.6733673659928,8.0,0.0,256.9611223828251,1
697.3713273929433,88.652729250752,8.0,0.0,252.96112238282512,1
690.1927498487998,82.4964561825218,8.0,0.0,248.9611223828251,1
681.9082245394749,77.2040267742485,8.0,0.0,244.96112238282507,1
672.492100584907,72.77625516071662,8.0,0.0,240.9611223828251,1
662.3241440451625,69.1353706872572,8.0,0.0,236.96112238282507,1
651.4608909377109,65.53251618111577,8.0,0.0,232.96112238282507,1
639.962902235858,61.96889654544836,8.0,0.0,228.96112238282504,1
627.8944489286537,58.44575951760574,8.0,0.0,224.96112238282507,1
615.3231684108248,54.96437111820177,8.0,0.0,220.96112238282504,1
602.3196909976613,51.52598472810967,8.0,0.0,216.96112238282507,1
588.9572350707747,48.13180263385983,8.0,0.0,212.96112238282504,1
575.3111690954698,44.78292882136806,8.0,0.0,208.96112238282504,1
561.4585385555627,41.48031179816258,8.0,0.0,204.96112238282504,1
547.4775557928234,38.22467631752025,8.0,0.0,200.96112238282504,1
533.4470509048667,35.01644310402062,8.0,0.0,196.961122382825,1
519.4458823611459,31.855636085204196,8.0,0.0,192.96112238282504,1
505.5523069791584,28.74177726735456,8.0,0.0,188.961122382825,1
491.8433105157507,25.673770300174333,8.0,0.0,184.96112238282498,1
478.3939025259659,22.64977498607698,8.0,0.0,180.961122382825,1
465.2763824523523,19.667076506351336,8.0,0.0,176.96112238282498,1
452.5595881927196,16.72195491216681,8.0,0.0,172.96112238282498,1
440.3081435967566,13.80956235000373,8.0,0.0,168.96112238282495,1
428.5817272261486,10.923817363822478,8.0,0.0,164.96112238282515,1
416.4463182659887,8.242059356710463,8.0,0.0,168.96112238282515,1
403.99121579103684,9.331967127795268,8.0,0.0,172.96112238282518,1
391.23398415954637,10.443924512705427,8.0,0.0,176.96112238282515,1
378.19297995800326,11.578503800715538,8.0,0.0,180.96112238282518,1
364.88730995264694,12.736496651192786,8.0,0.0,184.96112238282515,1
351.3367914346414,13.91895290085925,8.0,0.0,188.96112238282518,1
337.5619155369312,15.12722956238018,8.0,0.0,192.96112238282518,1
323.58381431636263,16.36305311259157,8.0,0.0,196.9611223828252,1
309.42423269660327,17.628599291280572,8.0,0.0,200.9611223828252,1
296.99808506222354,18.801448784573594,8.0,0.0,204.9611223828252,1
286.2868592943418,19.84463068551233,8.0,0.0,208.96112238282524,1
277.27281262138507,20.72020879016761,8.0,0.0,212.9611223828252,0
269.9428656592139,21.391421947856173,8.0,0.0,216.96112238282524,1
263.4156518733522,11.942328240137948,8.0,0.0,220.96112238282524,1
257.75232813816774,3.1766948771000885,8.0,0.0,224.96112238282524,1
252.95264519538398,-4.852932932266066,8.0,0.0,228.96112238282524,1
249.03733057819895,-6.686605431507548,8.0,0.0,232.9611223828252,1
246.0493571954609,-6.360286956386111,8.0,0.0,236.96112238282524,1
244.0202776042963,-6.132006864128495,8.0,0.0,240.96112238282524,1
242.9837993920985,-6.007324649761355,8.0,0.0,244.96112238282524,1
242.97596255330646,-5.988863723116273,8.0,0.0,248.96112238282524,1
243.04076678133436,-6.100941702139984,8.0,0.0,252.96112238282527,1
243.21986768934724,-6.341791512219777,8.0,0.0,256.96112238282524,1
243.5579409354741,-6.708541134942218,8.0,0.0,260.9611223828253,1
244.10217687109358,-7.1970164710760045,8.0,0.0,264.96112238282524,1
244.90164140968955,-7.801566140759946,8.0,0.0,268.9611223828253,1
246.00650161096732,-8.51492593169538,8.0,0.0,272.96112238282524,1
247.46712503852393,-9.328141838054169,8.0,0.0,276.9611223828253,1
249.3330746213184,-10.230569672683675,8.0,0.0,280.9611223828253,1
251.6520342715491,-11.209965472317414,8.0,0.0,284.9611223828253,1
254.4687130221632,-12.252674156266385,8.0,0.0,288.9611223828253,1
257.8237847264665,-13.343914582827349,8.0,0.0,292.9611223828253,1
261.7529242803406,-14.468148431458758,8.0,0.0,296.96112238282535,1
266.2859984030723,-15.60950996548929,8.0,0.0,300.9611223828253,1
271.446458914066,-16.752265662778953,8.0,0.0,304.96112238282535,1
277.2509702371965,-17.88126860990654,8.0,0.0,308.96112238282535,1
283.7092828848798,-18.982373326311905,8.0,0.0,312.96112238282535,1
290.8243440054895,-20.04278214863408,8.0,0.0,316.96112238282535,1
298.59261782468434,-21.051303288719577,8.0,0.0,320.96112238282535,1
307.00457538645384,-21.998511362677768,8.0,0.0,324.96112238282535,1
316.0453056647546,-22.87681162689195,8.0,0.0,328.96112238282535,1
323.6823943544524,-27.75579706215289,8.0,0.0,332.96112238282535,1
329.9613251308375,-34.17015246360169,8.0,0.0,336.96112238282535,1
335.03856489550475,-42.173571256355224,8.0,0.0,340.9611223828254,1
339.24118769321336,-51.83047382549957,8.0,0.0,344.96112238282524,1
343.579728263855,-63.05321173188997,8.0,0.0,348.96112238282524,1
348.36119416706015,-73.60231821415506,8.0,0.0,352.96112238282524,1
353.8805370593544,-83.47041133832649,8.0,0.0,356.9611223828253,1
360.39336761812433,-92.63661761072683,8.0,0.0,0.9611223828252508,1
367.5341181311967,-100.61279492187172,8.0,0.0,4.961122382825251,1
375.67229345138577,-110.10762773333347,8.0,0.0,8.96112238282525,1
384.9912329364809,-118.83875371934562,8.0,0.0,12.96112238282525,1
395.6022348657047,-126.77377484357655,8.0,0.0,16.961122382825252,1
407.55121447819255,-133.88466222837252,8.0,0.0,20.961122382825252,1
420.8307602625957,-140.15063394622385,8.0,0.0,24.961122382825252,1
435.3944579463235,-145.5594804732749,8.0,0.0,28.961122382825252,1
450.3041018693017,-150.04418694794686,8.0,0.0,32.96112238282525,1
465.4573488594927,-154.36832044075007,8.0,0.0,36.96112238282525,1
480.7608617329425,-158.54514408804735,8.0,0.0,40.961122382825245,1
496.12964485398913,-162.58733074631118,8.0,0.0,44.96112238282525,1
511.4863182473263,-166.50679397851428,8.0,0.0,48.961122382825245,1
526.7603895146945,-170.31460357995374,8.0,0.0,52.96112238282525,1
541.8875596513681,-174.02095967300724,8.0,0.0,56.961122382825245,1
556.8090826409483,-177.63520568657182,8.0,0.0,60.96112238282525,1
571.4711878601427,178.83413419101032,8.0,0.0,64.96112238282525,1
585.824567405188,175.37930332558787,8.0,0.0,68.96112238282527,1
599.8239262818203,171.9932537894581,8.0,0.0,72.96112238282527,1
613.6163371438605,168.6503668133412,8.0,0.0,74.96112238282522,1
627.7136597498996,165.28856645536948,8.0,0.0,70.96112238282522,1
642.0451486184688,161.905363179967,8.0,0.0,66.96112238282522,1
656.5379376808697,158.49876193731149,8.0,0.0,62.96112238282521,1
671.1175643723341,155.06721129509177,8.0,0.0,58.9611223828252,1
685.7084956509688,151.60955088468583,8.0,0.0,54.96112238282521,1
700.2346492689887,148.12495927944173,8.0,0.0,50.9611223828252,1
714.6199050810374,144.61290388604635,8.0,0.0,46.96112238282521,1
727.3419887441258,140.9809949763046,8.0,0.0,42.96112238282521,1
735.3402373644543,130.99410898632257,8.0,0.0,38.96112238282521,1
743.330737722822,120.96390445760261,8.0,0.0,34.96112238282521,1
751.2754277914731,110.89190294444676,8.0,0.0,30.961122382825213,1
759.1376443975847,100.77974159580528,8.0,0.0,26.961122382825213,1
766.8822041899517,90.62914746226805,8.0,0.0,22.961122382825213,1
774.4754653736006,80.44191508547576,8.0,0.0,18.961122382825213,1
781.8853732176095,70.21988722744955,8.0,0.0,14.961122382825213,1
789.0814920699103,59.964938539976835,8.0,0.0,10.961122382825215,1
796.035026321186,49.67896193903206,8.0,0.0,6.961122382825214,1
802.7188324656354,39.36385743159323,8.0,0.0,2.9611223828252142,1
808.233132195824,29.055914662192773,8.0,0.0,358.9611223828252,1
812.4138436315424,19.48452688298032,8.0,0.0,354.9611223828252,1
815.1856911947742,10.630255604450918,8.0,0.0,350.96112238282524,1
816.5439849310067,2.475924237867547,8.0,0.0,346.96112238282524,1
816.5353175197682,-4.992835808107652,8.0,0.0,342.9611223828252,1
815.2391471956585,-11.787423041607985,8.0,0.0,338.9611223828252,1
812.7514016461278,-17.916355133276372,8.0,0.0,334.9611223828252,1
809.1706425550682,-23.385508688426278,8.0,0.0,330.96112238282524,1
805.4683858396644,-28.164822696828704,8.0,0.0,326.9611223828252,1
801.6944312514431,-33.00173094489482,8.0,0.0,322.9611223828252,1
797.8992018764555,-37.893267097566465,8.0,0.0,318.9611223828252,1
794.1328926516466,-42.83604104038826,8.0,0.0,314.9611223828252,1
790.4445920268836,-47.82622201322046,8.0,0.0,310.9611223828252,1
786.8813938960685,-52.85953034025746,8.0,0.0,306.9611223828251,1
783.487519696873,-57.93123938719011,8.0,0.0,302.9611223828251,1
780.3034728993572,-63.0361890626143,8.0,0.0,298.9611223828251,1
777.3652496907735,-68.16881172542843,8.0,0.0,294.9611223828251,1
774.7036302505215,-73.32317077743393,8.0,0.0,290.9611223828251,1
772.3435743758746,-78.49301154299886,8.0,0.0,286.9611223828251,1
770.3037432296004,-83.67182331475215,8.0,0.0,282.9611223828251,1
768.5961656136835,-88.85291073798784,8.0,0.0,278.9611223828251,1
767.2260625417147,-94.02947208475383,8.0,0.0,274.9611223828251,1
766.1918382345305,-99.1946814962193,8.0,0.0,270.96112238282507,1
765.4852393645692,-104.34177200082338,8.0,0.0,266.9611223828251,1
765.0916778684681,-109.46411607691536,8.0,0.0,262.96112238282507,1
764.9907064064605,-114.55530072711188,8.0,0.0,258.96112238282507,1
765.1566300138325,-119.60919444559444,8.0,0.0,254.9611223828252,1
766.5608804691503,-124.65682685212542,8.0,0.0,258.96112238282524,1
769.1898640004757,-129.68846408052013,8.0,0.0,262.96112238282524,1
769.1728072531773,-134.4044839969428,8.0,0.0,266.96112238282524,1
768.0436708275059,-144.99487556556255,8.0,0.0,270.96112238282524,1
767.5523908708544,-155.59073957403464,8.0,0.0,274.96112238282524,1
767.7025857164283,-166.18775769778583,8.0,0.0,278.96112238282524,1
768.4931483442178,-176.78159448456978,8.0,0.0,282.9611223828253,1
769.91826372587,172.63203837810764,8.0,0.0,286.9611223828253,1
771.9674994429174,162.05731941865125,8.0,0.0,290.9611223828253,1
774.6259661960682,151.49825847023715,8.0,0.0,294.9611223828253,1
777.8745423287402,140.95864336736472,8.0,0.0,298.9611223828253,1
781.6901543922298,130.44199378099333,8.0,0.0,302.9611223828253,1
786.0461042042124,119.9515233046601,8.0,0.0,306.9611223828253,1
790.9124318655022,109.49011044863255,8.0,0.0,310.9611223828253,1
796.2563038157814,99.06027874513642,8.0,0.0,314.9611223828253,1
802.0197260327093,88.73560571696026,8.0,0.0,318.96112238282535,1
807.8294473874606,79.26378557793517,8.0,0.0,322.9611223828253,1
813.3699319815316,70.63744933018829,8.0,0.0,326.9611223828253,1
818.3900254599552,62.846571782708004,8.0,0.0,330.96112238282535,1
822.7009913886137,55.88040883405763,8.0,0.0,334.96112238282535,1
826.1693360712808,49.728924831291124,8.0,0.0,338.96112238282535,1
828.7072090627056,44.38376612391423,8.0,0.0,342.9611223828253,1
830.2624371861586,39.83887663148753,8.0,0.0,346.96112238282535,1
831.6178916179139,36.05027134035683,8.0,0.0,350.96112238282535,1
832.7679587177994,32.26704910789316,8.0,0.0,354.96112238282535,1
833.707895640626,28.48829863461938,8.0,0.0,358.9611223828254,1
834.4338397752065,24.71310043363126,8.0,0.0,2.9611223828253808,1
834.9428162639429,20.940528674855713,8.0,0.0,6.961122382825381,1
835.2327436924976,17.169652929376955,8.0,0.0,10.961122382825382,1
835.3024380184373,13.399539839612713,8.0,0.0,14.961122382825382,1
835.1516147869959,9.629254741499063,8.0,0.0,18.961122382825383,1
834.7808896613338,5.857863265067646,8.0,0.0,22.96112238282538,1
834.1917772738633,2.0844329398975128,8.0,0.0,26.96112238282538,1
833.3866883844117,-1.6919651680977092,8.0,0.0,30.961122382825383,1
832.3689253102024,-5.472254762231195,8.0,0.0,34.96112238282538,1
831.1426755718621,-9.257352536913853,8.0,0.0,38.96112238282538,1
829.7130036789633,-13.048166290233024,8.0,0.0,42.96112238282539,1
828.085840958027,-16.845592902265594,8.0,0.0,46.96112238282538,1
826.2679733055713,-20.65051615501852,8.0,0.0,50.96112238282537,1
824.267026728817,-24.463804371047985,8.0,0.0,54.96112238282538,1
822.0914505172987,-28.28630784932406,8.0,0.0,58.96112238282539,1
819.5714699571336,-29.597911575940657,8.0,0.0,62.96112238282539,1
816.5864259870552,-29.387648272384304,8.0,0.0,66.9611223828254,1
813.1201029687783,-29.157289441514905,8.0,0.0,70.9611223828254,1
809.1585044409984,-28.908635328409655,8.0,0.0,74.96112238282524,1
804.689823684219,-28.643514073718187,8.0,0.0,78.96112238282524,1
799.704412147107,-28.363782140654504,8.0,0.0,82.96112238282525,1
794.1947465999791,-28.07132594946907,8.0,0.0,86.96112238282527,1
788.1553957738099,-27.76806466704851,8.0,0.0,90.96112238282527,1
781.5829871559167,-27.45595411412926,8.0,0.0,94.96112238282527,1
774.4761745453865,-27.136991768146196,8.0,0.0,98.96112238282528,1
766.8356069213658,-26.813222855723513,8.0,0.0,102.96112238282528,1
758.6638991446326,-26.486747545077527,8.0,0.0,106.96112238282528,1
749.9656049965731,-26.15972926500263,8.0,0.0,110.9611223828253,1
740.7471930590849,-25.834404193524893,8.0,0.0,114.9611223828253,1
731.0170259535448,-25.51309197557982,8.0,0.0,118.9611223828253,1
720.7853434864174,-25.19820774498461,8.0,0.0,122.96112238282531,1
710.0642502932022,-24.892275541197467,8.0,0.0,126.96112238282531,1
698.8677086311048,-24.597943225376316,8.0,0.0,130.96112238282532,1
687.2115370440561,-24.317999012291175,8.0,0.0,134.96112238282532,1
675.1134157113512,-24.0553897435563,8.0,0.0,138.96112238282532,1
662.5928993928251,-23.81324103175068,8.0,0.0,142.96112238282532,1
649.6714389981771,-23.59487940187331,8.0,0.0,146.96112238282532,1
636.3724129338472,-23.403856542812644,8.0,0.0,150.96112238282532,1
622.721169514251,-23.243975752302767,8.0,0.0,154.96112238282535,1
608.745081859241,-23.11932060754304,8.0,0.0,158.96112238282535,1
594.4736168267618,-23.03428581114627,8.0,0.0,162.96112238282535,1
580.0666314717879,-22.96910491148798,8.0,0.0,164.9611223828253,1
565.9433135930317,-22.851851308867154,8.0,0.0,160.9611223828253,1
552.1396369169197,-22.68089129743754,8.0,0.0,156.9611223828253,1
538.6912880683421,-22.454887907445194,8.0,0.0,152.9611223828253,1
525.6334155237073,-22.172869992652085,8.0,0.0,148.9611223828253,1
513.0003402184673,-21.834306850890176,8.0,0.0,144.9611223828253,1
500.82522627014896,-21.43918668967155,8.0,0.0,140.96112238282527,1
489.13971189582236,-20.988096498929725,8.0,0.0,136.96112238282527,1
477.9735027689259,-20.482300085473966,8.0,0.0,132.96112238282524,1
467.3539327724178,-19.92381022586577,8.0,0.0,128.96112238282524,1
457.3055002914384,-19.315450201126378,8.0,0.0,124.96112238282524,1
447.8493916872549,-18.660899506560245,8.0,0.0,120.96112238282524,1
439.0030071414271,-17.964718414008967,8.0,0.0,116.96112238282524,1
430.77950729237244,-17.23234642597294,8.0,0.0,112.96112238282522,1
423.18740156946393,-16.470070591804628,8.0,0.0,108.96112238282522,1
416.230200402533,-15.684961183483477,8.0,0.0,104.96112238282522,1
409.90615313669355,-14.88477429227615,8.0,0.0,100.96112238282521,1
404.20809123844015,-14.077823347113979,8.0,0.0,96.96112238282521,1
399.12339217933265,-13.272824116839969,8.0,0.0,92.96112238282521,1
394.6340734374286,-12.478720125911236,8.0,0.0,88.9611223828252,1
390.7170188480518,-11.704497261543873,8.0,0.0,84.9611223828252,1
387.34433177198736,-10.958997407583979,8.0,0.0,80.96112238282518,1
384.483802057611,-10.250741044650063,8.0,0.0,76.96112238282518,1
382.09946736393545,-9.587767891143823,8.0,0.0,72.96112238282518,1
380.15224474121686,-8.977502958766483,8.0,0.0,68.96112238282517,1
378.6006058345929,-8.42665311230255,8.0,0.0,64.96112238282517,1
377.40126877845825,-7.941136675856382,8.0,0.0,60.96112238282516,1
376.50988158727574,-7.526046138993838,8.0,0.0,56.96112238282515,1
375.8816751992597,-7.185641856683175,8.0,0.0,52.96112238282516,1
375.47206874155256,-6.9233729883053545,8.0,0.0,48.96112238282515,1
375.23721448171636,-6.74192086406247,8.0,0.0,44.96112238282516,1
375.1344747924782,-6.6432594906151445,8.0,0.0,40.96112238282517,1
375.12282788208324,-6.628727931896497,8.0,0.0,36.96112238282516,1
375.1632027679489,-6.699109706424462,8.0,0.0,32.96112238282516,1
375.21874686875196,-6.854714997598826,8.0,0.0,28.961122382825163,1
375.2550316449198,-7.095462255890317,8.0,0.0,24.961122382825163,1
375.2402029968786,-7.4209565808803095,8.0,0.0,20.961122382825163,1
375.1450837509693,-7.830563033488092,8.0,0.0,16.961122382825163,1
374.9432356628753,-8.323473698115372,8.0,0.0,12.961122382825165,1
374.61098808637615,-8.898767867629399,8.0,0.0,8.961122382825167,1
374.12743991666576,-9.555465155489692,8.0,0.0,4.961122382825167,1
373.4744407271414,-10.2925716552388,8.0,0.0,0.9611223828251666,1
372.6365562582479,-11.109119481361025,8.0,0.0,356.9611223828251,1
371.6010226461767,-12.004200153628164,8.0,0.0,352.9611223828251,1
372.3068845628349,-12.907875546998614,8.0,0.0,348.9611223828251,1
374.72289661163114,-13.804426206726198,8.0,0.0,344.9611223828253,1
379.48260756504766,-14.543327409834966,8.0,0.0,348.9611223828253,1
386.5142446764144,-15.114106359640987,8.0,0.0,352.9611223828253,1
394.78818848381235,-15.552196402502544,8.0,0.0,356.9611223828253,1
404.2496526330404,-15.859559774590684,8.0,0.0,0.9611223828253017,1
414.84828965838767,-16.040745755701348,8.0,0.0,4.961122382825302,1
423.6569730875785,-16.214871314090903,8.0,0.0,8.961122382825302,1
431.1170178062429,-16.364815862711392,8.0,0.0,12.961122382825303,1
437.66798997204125,-16.474017330826072,8.0,0.0,16.9611223828253,1
443.2693153458736,-16.544711349186294,8.0,0.0,20.9611223828253,1
447.8809819104562,-16.57890259459424,8.0,0.0,24.9611223828253,1
451.4636824024998,-16.578388314510732,8.0,0.0,28.961122382825305,1
453.97895167857837,-16.544775643185673,8.0,0.0,32.9611223828253,1
455.3892983828726,-16.479493535107032,8.0,0.0,36.9611223828253,1
455.65833057413727,-16.383799799944285,8.0,0.0,40.9611223828253,1
455.23090011676715,-16.241164383370688,8.0,0.0,44.961122382825295,1
454.55493577760035,-16.035429326785753,8.0,0.0,48.9611223828253,1
453.6015686263993,-15.76832128517284,8.0,0.0,52.961122382825295,1
452.3445823473972,-15.441586729228659,8.0,0.0,56.9611223828253,1
450.76036499145295,-15.056958999434208,8.0,0.0,60.961122382825295,1
448.8278490591445,-14.616129985101132,8.0,0.0,64.9611223828253,1
446.528443392087,-14.120725793363036,8.0,0.0,68.96112238282531,1
443.8459597315731,-13.57228575624163,8.0,0.0,72.96112238282532,1
440.7665362626831,-12.972244127855626,8.0,0.0,76.96112238282532,1
437.27856000084824,-12.321913839515428,8.0,0.0,80.96112238282532,1
433.37258949442133,-11.622471700582114,8.0,0.0,84.96112238282532,1
429.0412790064461,-10.874944451754502,8.0,0.0,88.96112238282535,1
424.2793050955681,-10.080195090187917,8.0,0.0,92.96112238282535,1
419.08329633373955,-9.238908888600958,8.0,0.0,96.96112238282535,1
413.45176677137863,-8.351578519736128,8.0,0.0,100.96112238282537,1
407.38505368434926,-7.418487669685323,8.0,0.0,104.96112238282537,1
400.88526010840343,-6.439692474819211,8.0,0.0,108.96112238282537,1
393.9562026842422,-5.415000042805738,8.0,0.0,112.96112238282538,1
